Zarah Sultana,Labour,TRUE,"Proudly serving the people of Coventry South as their Labour Member of Parliament
  For constituent casework: zarah.sultana.mp@parliament.uk"
Yvonne Fovargue,Labour,TRUE,Labour MP for Makerfield. Constituent Email. yvonne.fovargue.mp@parliament.uk
Yvette Cooper,Labour,TRUE,"Labour MP for Normanton, Pontefract, Castleford & Knottingley. For constituency casework pls contact coopery@parliament.uk"
Yasmin Qureshi,Labour,FALSE,"Member of Parliament for Bolton South East. 
 Shadow International Development Minister. 
 Chair of 
 @APPGHPTs
  
 @AppgUyghurs
  
 @APPGreligion
  
 @appghajjumrah"
William Wragg,Conservative,FALSE,"MP for the Hazel Grove constituency. 
 @CommonsPACAC
  chairman. For advice & queries please email william@williamwragg.org.uk or telephone 0161 427 0660"
William Cash,Conservative,TRUE,Conservative MP for Stone
Will Quince,Conservative,FALSE,"Member of Parliament for Colchester and 
 @DWP
  Minister. Sadly I cannot respond to all tweets but please email will.quince.mp@parliament.uk"
Wes Streeting,Labour,TRUE,Labour MP for Ilford North. Shadow Minister for Schools. Re-tweets ≠ endorsements. For casework or enquiries e-mail: wes@redbridgelabour.org.uk.
Wera Hobhouse,Liberal Democrat,TRUE,"Bath's Liberal Democrat MP, re-elected in 2019. Please contact me at office@werahobhouse.co.uk. I do not do casework on Twitter."
Wendy Morton,Conservative,FALSE,"MP for Aldridge-Brownhills. Minister at the Foreign, Commonwealth & Development Office. For constituents with casework pls email Wendy.morton.mp@parliament.uk"
Wendy Chamberlain,Liberal Democrat,TRUE,"@scotlibdems
  MP for North East Fife. 
 @libdems
  Chief Whip Westminster Own views/RTs not endorsements For casework please email Wendy.Chamberlain.MP@Parliament.uk"
Wayne David,Labour,TRUE,"Labour Member of Parliament for Caerphilly. Shadow Foreign, Commonwealth and Development Minister for the Middle East and North Africa."
Virendra Sharma,Labour,TRUE,"Labour MP, Serving Ealing Southall - uniting the community. 
 @EalingLabour
 . I do not accept cases on Twitter, please email me on sharmav@parliament.uk."
Victoria Prentis,Conservative,TRUE,"Member of Parliament for North Oxfordshire. Parliamentary Under Secretary of State 
 @DefraGovUK
 . 
 @conservatives
  
  Victoria.prentis.mp@parliament.UK #StayAlert"
Vicky Foxcroft,Labour,TRUE,"Labour MP for Lewisham Deptford & Shadow Minister for Disabled People. For enquiries/assistance, pls email vicky.foxcroft.mp@parliament.uk or call 020 8469 4638"
Vicky Ford,Conservative,FALSE,"MP for Chelmsford, Children’s Minister. 
 Tech, Investment, Science, WomenMPs, the NHS"
Valerie Vaz,Labour,FALSE,"Member of Parliament, Walsall South; Shadow Leader of the House; contact valerie.vaz.mp@parliament.uk"
Tulip Siddiq,Labour,TRUE,Labour MP for my home seat of Hampstead and Kilburn and Shadow Minister for Children and Early Years. Casework/Questions? Email: tulip@tulipsiddiq.com
Tracy Brabin,Labour,TRUE,Labour and Co-operative MP for Batley & Spen and Shadow Minister for the Cultural Industries. Standing for West Yorkshire Mayor http://tracy4mayor.org.uk
Tracey Crouch,Conservative,TRUE,"Conservative MP for Chatham & Aylesford. Former Sports, Gambling & Loneliness minister. Mum, Allotment, Vinyl & Spurs fan. Fighting some doofus called cancer."
Tony Lloyd,Labour,TRUE,Labour MP for Rochdale. Please email casework enquiries to tony.lloyd.mp@parliament.uk
Tonia Antoniazzi,Labour,TRUE,"Welsh Labour Member of Parliament for Gower. Retweets are not endorsements. For casework queries, please email tonia.antoniazzi.mp@parliament.uk"
Tommy Sheppard,Scottish National Party,TRUE,"SNP MP for Edinburgh East. Elected 2015, re-elected 2017 and 2019. Constituent enquiries should be directed to tommy.sheppard.mp@parliament.uk"
Tom Tugendhat,Conservative,TRUE,"MP for Tonbridge, Edenbridge and Malling. Chair, Foreign Affairs Committee 
 @CommonsForeign
  
 @Conservatives
  أبو آدم"
Tom Randall,Conservative,TRUE,"Conservative MP for Gedling. If you’re a constituent and have an enquiry or casework, it’s better to e-mail me at tom.randall.mp@parliament.uk than tweet."
Tom Pursglove,Conservative,FALSE,"Member of Parliament for Corby & East Northamptonshire - for any queries or casework, please email pursglovet@parliament.uk rather than here. Listening to you!"
Tom Hunt,Conservative,FALSE,Member of Parliament for Ipswich. For constituent enquiries please email: tom.hunt.mp@parliament.uk
Toby Perkins,Labour,TRUE,"Labour MP for Chesterfield and Shadow Minister for Apprenticeships & L’long L’ng - 
 @labourforces
  Chair, Pubs,. #sufc #spireites & British Tennis"
Tobias Ellwood,Conservative,TRUE,"Conservative MP for Bournemouth East, Chair of the House of Commons Defence Select Committee"
Tim Loughton,Conservative,TRUE,Conservative Member of Parliament for the fantastic constituency of East Worthing & Shoreham. Former Children's Minister. Sometime archaeologist.
Tim Farron,Liberal Democrat,TRUE,"Proud to be the MP for Westmorland and Lonsdale. Former Leader of the 
 @LibDems"
Theresa May,Conservative,FALSE,Member of Parliament for Maidenhead. Former Prime Minister of the United Kingdom.
Theo Clarke,Conservative,TRUE,"Conservative MP #Stafford. UK Trade Envoy #Kenya. Member of DFID & Women & Equalities Select Committees, Chair of ICAI subcommittee. Constituents please email."
Thangam Debbonaire,Labour,FALSE,Member of Parliament for Bristol West. Shadow Secretary of State for Housing. Casework to: thangam.debbonaire.mp@parliament.uk
Tanmanjit Singh Dhesi,Labour,TRUE,"@UKLabour
  MP for #Slough. Shadow Rail Minister. For casework/queries, please email tan.dhesi.mp@parliament.uk or call 01753 518161"
Taiwo Owatemi,Labour,TRUE,"Labour MP for Coventry North West 
 | NHS cancer pharmacist | Cannot take casework via Twitter, pls contact taiwo.owatemi.mp@parliament.uk"
Tahir Ali,Labour,TRUE,"Labour Member of Parliament for Birmingham Hall Green 
  If you need assistance, please email casework to tahir.ali.mp@parliament.uk."
Suzanne Webb,Conservative,FALSE,"MP for Stourbridge. 
 PPS International Trade/Women & Equalities 
 Owner of MP 
  II
 For any casework issues please email suzanne.webb.mp@parliament.uk"
Suella Fernandes,Conservative,TRUE,Conservative Member of Parliament for Fareham and Attorney General for England and Wales.
Stuart Paul Anderson,Conservative,TRUE,Conservative MP for Wolverhampton South West - House of Commons Defence Select Committee - For casework email stuart.anderson.mp@parliament.uk
Stuart C. McDonald,Scottish National Party,TRUE,"@theSNP
  MP for Cumbernauld, Kilsyth & Kirkintilloch East. Shadow Attorney General and Immigration Minister. 01236 453 969 / Stuart.mcdonald.mp@parliament.uk"
Stuart Andrew,Conservative,TRUE,"Conservative MP for Pudsey, Horsforth & Aireborough. Please note all enquiries should be sent to stuart.andrew.mp@parliament.uk"
Stewart Malcolm McDonald,Scottish National Party,TRUE,Member Parliament for Glasgow South. SNP Spokesperson for Defence & Member of the Foreign Affairs Committee. Enquiries should be emailed not tweeted.
Stewart Hosie,Scottish National Party,TRUE,Scottish National Party MP for Dundee East
Steven Bonnar,Scottish National Party,TRUE,"@theSNP
  MP for Coatbridge, Chryston & Bellshill. Constituents can contact me via email: steven.bonnar.mp@parliament.uk"
Steven Baker,Conservative,TRUE,"Conservative MP for Wycombe | Politician of the Year 2019/20, Civility In Politics Awards | 
 @CommonsTreasury
  | 1922 Executive | http://stevebaker.info/contact/"
Steve Reed,Labour,TRUE,"Labour MP for Croydon North. Shadow Secretary of State for Communities & Local Government. Chair of 
 @LabourTogether
  020 7219 7297"
Steve McCabe,Labour,TRUE,"Labour MP for Birmingham Selly Oak | Standing up for Billesley, Bournville, Brandwood and Selly Oak |"
Steve Double,Conservative,TRUE,Conservative Member of Parliament for St Austell and Newquay. For casework or policy questions please email office@stevedouble.org.uk
Steve Brine,Conservative,FALSE,MP Winchester & Chandler's Ford. No casework over social media. Email me at steve.brine.mp@parliament.uk or goto http://fb.com/SteveBrineMP for updates.
Stephen Timms,Labour,TRUE,Labour Member of Parliament for East Ham since 1994
Stephen Morgan,Labour,TRUE,"Member of Parliament for Portsmouth South 
 @ShadowDefence
  Minister for the Armed Forces 
 @UKLabour
  | Pompey born and bred 
  stephen.morgan.mp@parliament.uk"
Stephen Metcalfe,Conservative,FALSE,Member of Parliament for South Basildon and East Thurrock
Stephen McPartland,Conservative,FALSE,Member of Parliament for Stevenage Please contact me at: stephen@stephenmcpartland.co.uk
Stephen Kinnock,Labour,TRUE,"Labour MP for Aberavon | Shadow Minister for Asia & Pacific |
 stephen.kinnock.mp@parliament.uk |"
Stephen Hammond,Conservative,FALSE,"Member of Parliament for Wimbledon, Raynes Park, Morden and Motspur Park. Please email specific enquiries to stephen.hammond.mp@parliament.uk"
Stephen Flynn,Scottish National Party,TRUE,SNP MP for Aberdeen South
Stephen Farry,Alliance Party of Northern Ireland,FALSE,"Deputy Leader of 
 @AllianceParty
  | MP for North Down | Westminster updates: 
 @AlliancePartyUK
  | Constituency enquiries: stephen.farry.mp@parliament.uk"
Stephen Doughty,Labour,FALSE,Member of UK Parliament for Cardiff South & Penarth (Lab/Coop).  Shadow Foreign Affairs & International Development Minister
Stephen Crabb,Conservative,TRUE,Member of Parliament for Preseli Pembrokeshire. Welsh Conservative.
Stephen Barclay,Conservative,FALSE,Chief Secretary to the Treasury & MP for North East Cambridgeshire
Stephanie Peacock,Labour,FALSE,"MP for Barnsley East |Shadow Environment Minister |Parli Chair of 
 @hopenothate
  |Member 
 @CommonsNIAC
 

 

 Constituent enquiries: stephanie.peacock.mp@parliament.uk"
Stella Creasy,Labour,TRUE,Labour & Co-op MP for Walthamstow. Sitting on the sidelines is for Waldorf and Statler...If you like what I do please donate to keep me doing it!
Siobhan Baillie,Conservative,FALSE,"Member of Parliament for everyone in Stroud, the Valleys & Vale. For constituents: Siobhan.baillie.mp@parliament.uk"
Siobhain McDonagh,Labour,FALSE,Member of Parliament for Mitcham and Morden
Simon Jupp,Conservative,FALSE,MP for East Devon. Member of the Transport Select Committee. I can’t routinely respond on here. Please email me if you are a constituent and need my help.
Simon Hoare,Conservative,FALSE,"MP for North Dorset. Chairman, Northern Ireland Select Committee. For policy issues or book an appointment at an Advice Surgery e: Simon.hoare.mp@parliament.uk"
Simon Hart,Conservative,FALSE,Secretary of State for Wales & MP for Carmarthen West and South Pembrokeshire.
Simon Fell,Conservative,FALSE,"MP for Barrow & Furness. Northerner, tortoise owner, “bespectacled egg-man” - The Daily Telegraph. All casework to: simon.fell.mp@parliament.uk"
Simon Clarke,Conservative,TRUE,"@Conservatives
  MP for Middlesbrough South and East Cleveland."
Simon Baynes,Conservative,FALSE,"MP for Clwyd South, member 
 @CommonsWelshAff
  Committee and founder of charity Concertina-Music for Elderly. For casework, please email simon.baynes.mp@parliament"
Sheryll Murray,Conservative,TRUE,Conservative MP for SE Cornwall
Shaun Bailey,Conservative,TRUE,"West Bromwich West's Conservative Member of Parliament.
 Serving: Oldbury, Tipton & Wednesbury:
 

 All queries to shaun@shaunbailey.org.uk."
Sharon Hodgson,Labour,FALSE,Member of Parliament for Washington and Sunderland West | Shadow Minister for Veterans | Constituents can contact me on sharon.hodgson.mp@parliament.uk
Shailesh Vara,Conservative,FALSE,"MP for North West Cambridgeshire. Former Minister for Justice, DWP and Northern Ireland and Govt Whip. To contact don't tweet! Email varas@parliament.uk"
Shabana Mahmood,Labour,TRUE,Labour MP for Birmingham Ladywood
Selaine Saxby,Conservative,TRUE,"Member of Parliament for North Devon | 
 @Conservatives
  
 @NDevonTories
  #GetBrexitDone Please email me: selaine.saxby.mp@parliament.uk if you want a reply"
Seema Malhotra,Labour,TRUE,Labour & Co-op MP for Feltham & Heston. Shadow Minister for Employment. I don't respond to anonymous tweets!
Scott Mann,Conservative,TRUE,"Former postie, now delivering for the people of North Cornwall in Westminster. North Cornwall Conservative Member of Parliament since 2015."
Scott Lloyd Benton,Conservative,TRUE,"@conservatives
  MP for Blackpool South. Please send casework enquiries to scott.benton.mp@parliament.uk"
Sarah Owen,Labour,TRUE,"Labour MP for Luton North. Chair of 
 @chinese4labour
 . Hates inequality & VAWG - loves anything food related and as a consequence, also exercise."
Sarah Olney,Liberal Democrat,TRUE,Liberal Democrat Member of Parliament for Richmond Park. Please forward casework to Office@saraholneymp.org.uk - I can’t guarantee a response on Twitter
Sarah Jones,Labour,TRUE,"MP for Croydon Central. Shadow Minister for Policing and the Fire Service. Founder, APPG on Knife Crime. Lifelong Croydon resident, campaigner and mum. #Labour"
Sarah Dines,Conservative,TRUE,Conservative Member of Parliament for the Derbyshire Dales.
Sarah Champion,Labour,TRUE,Proud to be Labour MP for Rotherham & Chair of the International Development Select Committee. RT & likes are not endorsements.
Sarah Atherton,Conservative,TRUE,"@Conservatives
  MP for #Wrexham 
 For queries please email: sarah.atherton.mp@parliament.uk - do not expect a response on Twitter"
Sara Britcliffe,Conservative,TRUE,Conservative MP for Hyndburn and Haslingden. St. Andrews Ward Councillor. Mayoress of Hyndburn 17/18. Casework- Sara.britcliffe.mp@parliament.uk
Saqib Bhatti,Conservative,FALSE,MP for Meriden. Former President Greater Birmingham Chambers of Commerce. For casework enquiries please email saqib.bhatti@parliament.uk
Sammy Wilson,Democratic Unionist Party,FALSE,Democratic Unionist Party MP for East Antrim | Larne Office: 028 2826 7722 | Carrick Office: 028 9336 4615 | Casework email: barronj@parliament.uk
Sam Tarry,Labour,TRUE,"@UKLabour
  MP for Ilford South | Former Official 
 @TssaUnion
  | Former President 
 @CLASSThinkTank
  | Constituency Casework Email: sam.tarry.mp@parliament.uk"
Sally-Ann Hart,Conservative,FALSE,Member of Parliament for Hastings and Rye. Please send all casework enquiries to Sallyann.hart.mp@parliament.uk or call my office on 01424 716756.
Sajid Javid,Conservative,FALSE,Member of Parliament for Bromsgrove
Ruth Jones,Labour,TRUE,"Welsh Labour MP for Newport West 
 . Shadow Minister for the Natural Environment & Air Quality. Casework enquiry? Pls email: ruth.jones.mp@parliament.uk"
Ruth Edwards,Conservative,FALSE,"MP for Rushcliffe | Alpaca wrangler 
  | #scuba diver 
  | consumer of 
  & 
  | Please email ruth.edwards.mp@parliament.uk for all constituent enquiries."
Ruth Cadbury,Labour,FALSE,MP Brentford & Isleworth Constituent's emails to ruth@ruthcadbury.org.uk will get a reply if address included;  For my updates; http://ruthcadbury.org/content/opt-pa…
Rushanara Ali,Labour,TRUE,Labour member of parliament for Bethnal Green and Bow. Treasury Committee. For all constituency queries please contact me on rushanara@rushanaraali.org
Royston Smith,Conservative,FALSE,Member of Parliament for Southampton Itchen. I do not use Twitter for debate or casework. For enquiries please email royston.smith.mp@parliament.uk
Rosie Duffield,Labour,TRUE,"Labour MP Canterbury, Whitstable, the villages.
 Chair, Women's PLP.
 If you're policing my 'likes' you *really* need a new hobby!
 enquiries@rosieduffieldmp.co.uk"
Rosie Cooper,Labour,TRUE,"UK Labour MP for West Lancashire 2005-present.
 Record of delivery with the promise of more.
 Any queries please email rosie@rosiecooper.net for a response"
Ronnie Cowan,Scottish National Party,TRUE,"@theSNP
  Member of Parliament for Inverclyde 
 @HouseofCommons
  Email:Ronnie.Cowan.mp@parliament.uk"
Roger Gale,Conservative,FALSE,"Member of Parliament for North Thanet (Margate, Herne Bay and The Villages). I do not respond to Twitter messages. For casework enquiries- galerj@parliament.uk"
Robin Walker,Conservative,TRUE,One Nation Tory. Worcester MP since 2010 speaking up 4 #worldclassworcs schools & skills. Minister at the Northern Ireland Office. Warriors & WorcsCCC fan
Robin John Millar,Conservative,TRUE,#Conservative MP for #Aberconwy. Other views welcome. Surgery details on website. Responses and all casework via robin.millar.mp@parliament.uk
Robert Syms,Conservative,TRUE,"Conservative Member of Parliament For Poole Re-Elected with 19,116 majority"
Robert Neill,Conservative,FALSE,"MP for Bromley & Chislehurst. Chair 
 @CommonsJustice
  and 
 @SocConLaw
 , Co-Chair 
 @APPGforLondon
 . Please send all constituent enquiries to bob.neill.mp@parliament.uk"
Robert Largan,Conservative,FALSE,Member of Parliament for High Peak. Constituent with an issue or question? Email mail@robertlargan.co.uk
Robert Jenrick,Conservative,FALSE,"Member of Parliament for Newark. Secretary of State for Housing, Communities & Local Government."
Robert Halfon,Conservative,FALSE,"Working Hard for Harlow & the Villages. Chair of 
 @CommonsEd
 . Please don't message me on Twitter, please email."
Robert Courts,Conservative,TRUE,"@Conservatives
  Member of Parliament for Witney & West Oxfordshire | Minister for Aviation & Maritime 
 @transportgovuk
  | robert@robertcourts.co.uk"
Robert Buckland,Conservative,FALSE,"MP for South Swindon. Lord Chancellor & Secretary of State for Justice 
 @MoJGovUK"
Robbie Moore,Conservative,FALSE,Member of Parliament for Keighley & Ilkley ~ Working hard for you to deliver positive change ~ For casework please email robbie.moore.mp@parliament.uk
Rob Roberts,Conservative,,
Rob Roberts,Conservative,FALSE,
Rob Butler,Conservative,TRUE,"Views of Aylesbury Conservative Association Promoted by S. Sproat on behalf of ACCA & Rob Butler 
 @robbaylesbury
  at 100 Walton Street HP21 7QP."
Rishi Sunak,Conservative,FALSE,Member of Parliament for Richmond (Yorks). Chancellor of the Exchequer.
Richard Holden,Conservative,TRUE,"Campaigning #NorthWestDurham MP. #Conservative. Likes pubs. If you’re a constituent, message via: https://richardholden.org.uk/contact"
Richard Graham,Conservative,FALSE,Member of Parliament for Gloucester and Prime Minister’s Trade Envoy. Questions & casework to- richard.graham.mp@parliament.uk
Richard Gordon Thomson,Scottish National Party,TRUE,SNP MP for Gordon. Personal views - a RT from this RT ≠ endorsement. Please contact me by email on richard.thomson.mp@parliament.uk or through my website
Richard Burgon,Labour,TRUE,"Labour MP for East Leeds. Leeds born and bred. Secretary of the Socialist Campaign Group of Labour MPs
  E-mail for constituents: richard@richardburgon.com"
Richard Bacon,Conservative,FALSE,MP for South Norfolk. Sponsor of the Self Build and Custom Housebuilding Act 2015 and ambassador for the Right to Build Task Force.
Rehman Chishti,Conservative,TRUE,"Member of Parliament for Gillingham & Rainham 
 , Barrister, Army Reservist, Former: UK PM Envoy FORB, UK PM Trade Envoy, Vice Chairman 
 @Conservatives"
Rebecca Pow,Conservative,TRUE,Conservative MP for Taunton Deane. Minister for the Environment. Please email: rebecca.pow.mp@parliament.uk
Rebecca Long-Bailey,Labour,TRUE,"Labour Party MP for Salford & Eccles. Wife, Mother & Proud Socialist. This is my only twitter account and all views are my own."
Rebecca Harris,Conservative,FALSE,Member of Parliament for Castle Point. To contact please email: rebecca.harris.mp@parliament.uk
Ranil Jayawardena,Conservative,FALSE,"Staff-run account for Ranil Jayawardena, MP for North East Hampshire. For help or a response: email@ranil.uk"
Rachel Reeves,Labour,TRUE,Shadow Chancellor of the Duchy of Lancaster and Labour MP for Leeds West. Author: Women of Westminster (2019) T: 0113 255 2311 E: rachel.reeves.mp@parliament.uk
Rachel Maclean,Conservative,FALSE,Proud to be the MP for #Redditch. Minister for the Future of Transport and Decarbonisation. Please send casework to rachel.maclean.mp@parliament.uk. Be polite.
Rachel Hopkins,Labour,TRUE,"Labour MP for Luton South 
  
 @pcs_union
  & 
 @unitetheunion
  member For all casework please email: rachel.hopkins.mp@parliament.uk RT≠ endorsement"
Rachael Maskell,Labour,TRUE,Rachael Maskell Labour & Co-operative MP for York Central. Campaigning for a fairer society. Email to raise anything: Rachael.Maskell.mp@parliament.uk
Priti Patel,Conservative,TRUE,"@Conservatives
  Member of Parliament for Witham
 Home Secretary"
Preet Gill,Labour,TRUE,Labour & Co-op MP for Birmingham Edgbaston and Shadow International Development Secretary #SDGs preet.gill.mp@parliament.uk 0121-392-8426
Philip Dunne,Conservative,FALSE,Member of Parliament for the Ludlow Constituency. Chairman of Environmental Audit Committee
Philip Davies,Conservative,FALSE,This account is for re-tweets only. To contact me please email: philip.davies.mp@parliament.uk
Peter Kyle,Labour,TRUE,Labour MP for Hove and Portslade + shadow justice minister
Peter Grant,Scottish National Party,TRUE,"SNP MP for Glenrothes & Central Fife, elected 2015, 2017 and 2019. Retweets not and endorsement etc."
Peter Gibson,Conservative,FALSE,Serving the people of Darlington - Women & Equalities Select Committee - Constituents please email peter.gibson.mp@parliament.uk
Peter Dowd,Labour,TRUE,Labour MP for Bootle constituency - contact & responses only via peter.dowd.mp@parliament.uk
Peter Bone,Conservative,FALSE,Member of Parliament for Wellingborough and Rushden. Constituency matters email bonep@Parliament.uk or call 01933 279343. I do not respond to twitter enquires.
Peter Aldous,Conservative,FALSE,Peter Aldous is the Member of Parliament for Waveney.
Pete Wishart,Scottish National Party,FALSE,MP for Perth and North Perthshire. Musician. Parliamentary Tweeter of the year.
Penny Mordaunt,Conservative,FALSE,"MP for Portsmouth North. Paymaster General & Cabinet Office Minister. Hon Commander MCM2 Squadron, Royal Navy. http://Facebook.com/PennyMordauntOfficial…"
Pauline Latham,Conservative,TRUE,I am proud to be the Conservative MP for Mid Derbyshire.
Paula Barker,Labour,TRUE,"@UKLabour
  Member of Parliament for Liverpool Wavertree 
  Unison & Unite member. For casework enquiries please email: paula.barker.mp@parliament.uk"
Paul Scully,Conservative,FALSE,"Minister for London; Minister for small business, MP for Sutton & Cheam. Casework & detailed convos best via email - info@scully.org.uk"
Paul Maynard,Conservative,FALSE,"Twitter account of Paul Maynard, Member of Parliament for Blackpool North and Cleveleys"
Paul Maskey,Sinn Féin,FALSE,Honoured to represent the proud people of west Belfast as their MP. #westisbest #investinthewest.
Paul Howell,Conservative,TRUE,"Conservative MP for SEDGEFIELD. Co-chair, APPG ‘left behind’ neighbourhoods. No casework replies on twitter, instead please email: paul.howell.mp@parliament.uk"
Paul Holmes,Conservative,TRUE,Conservative MP for Eastleigh. Email paul.holmes.mp@parliament.uk for constituent matters or 02382 542205. I do not take up constituency matters via Twitter.
Paul Girvan,Democratic Unionist Party,FALSE,DUP MP for South Antrim. Contact my office on 02893 340111
Paul Bristow,Conservative,TRUE,"Conservative MP for Peterborough #proudofpeterborough #gotbrexitdone for help with constituency matters, please email paul.bristow.mp@parliament.uk #YCFC"
Paul Blomfield,Labour,TRUE,Labour MP for Sheffield Central. Shadow Minister for Brexit and EU Negotiations.
Patrick Grady,Scottish National Party,TRUE,"Member of Parliament for Glasgow North & 
 @theSNP
  Westminster Chief Whip. Constituents please email patrick.grady.mp@parliament.uk with any queries."
Patricia Gibson,Scottish National Party,FALSE,MP for North Ayrshire & Arran. Views expressed are my own. Scottish & European. Enquiries to patricia.gibson.mp@parliament.uk
Pat McFadden,Labour,TRUE,Labour MP for Wolverhampton South East. Please email all casework/individual inquiries to Patrick.mcfadden.mp@parliament.uk
Owen Thompson,Scottish National Party,FALSE,"Member of Parliament for Midlothian. Views are my own, retweets not endorsement. I am a geek, tweets will often reflect this."
Owen Paterson,Conservative,TRUE,Conservative MP for North Shropshire
Órfhlaith Begley,Sinn Féin,FALSE,Proud to represent the great people of West Tyrone as their MP. Irish Republican & Solicitor Contact-orfhlaith.begley@sinnfein.ie
Olivia Frances Blake,Labour,TRUE,"@UKLabour
  Member of Parliament for Sheffield Hallam.
 She/her.
 

 Constituent enquiries: olivia.blake.mp@parliament.uk"
Oliver Heald QC,Conservative,FALSE,Member of Parliament for North East Hertfordshire.
Oliver Dowden,Conservative,FALSE,"Member of Parliament for Hertsmere + Secretary of State for Digital, Culture, Media and Sport"
Nusrat Ghani,Conservative,TRUE,Conservative MP for Wealden. BEIS Select Committee Member. UK representative to NATO Parliamentary Assembly. Former Transport Minister and Lord Commissioner.
Nigel Mills,Conservative,TRUE,"Conservative Member of Parliament for Amber Valley. For all enquiries, please email nigel@nigelmillsmp.com or ring 01773 744341."
Nigel Huddleston,Conservative,TRUE,"Conservative MP for Mid Worcestershire. Minister for Sport, Tourism and Heritage. Constituents with queries please contact me via parliament."
Nigel Evans,Conservative,FALSE,MP for The Glorious Ribble Valley since 1992
Nigel Adams,Conservative,FALSE,"Minister of State at Foreign, Commonwealth & Development Office 
 @FCDOGovUK
  MP for Selby & Ainsty. For constituency casework, email nigel.adams.mp@parliament.uk"
Nicola Faye Richards,Conservative,TRUE,"Conservative MP for West Bromwich East. Black Country and proud 
  Email nicola.richards.mp@parliament.uk for any casework or press enquiries"
Nickie Aiken,Conservative,FALSE,"MP for Cities of #London & #Westminster 
 @UKParliament
 . This account is managed by my office & is broadcast only. Raise issues at: nickie.aiken.mp@parliament.uk"
Nick Thomas-Symonds,Labour,TRUE,Shadow Home Secretary and Welsh Labour MP for Torfaen
Nick Smith,Labour,TRUE,Labour MP for Blaenau Gwent. Member PAC. Please email me at nick.smith.mp@parliament.uk to get in touch
Nick Gibb,Conservative,FALSE,Member of Parliament for Bognor Regis & Littlehampton. Minister for School Standards. Constituents can email me at gibbn@parliament.uk
Nicholas Fletcher,Conservative,TRUE,"Conservative MP for Don Valley. I cannot handle casework on Twitter, so if you are a constituent please contact me via nick.fletcher.mp@parliament.uk"
Nia Griffith,Labour,TRUE,Labour MP for the Llanelli constituency and Shadow Secretary of State for Wales // Aelod Seneddol etholaeth Llanelli a Llefarydd Llafur ar Gymru.
Neil Parish,Conservative,FALSE,"Tweets from Neil Parish, MP for Tiverton & Honiton and EFRA Chair. For any urgent enquiries, please email: neil.parish.mp@parliament.uk"
Neil O'Brien,Conservative,FALSE,"MP for Harborough, Oadby & Wigston
 

 Email: neil.obrien.mp@parliament.uk
 

 For constituency issues please email rather than tweet"
Neil Hudson,Conservative,FALSE,"MP for Penrith and The Border. Equine Vet. Member House of Commons Environment, Food & Rural Affairs Select Committee. PFHEA. FRCVS neil.hudson.mp@parliament.uk"
Neil Gray,Scottish National Party,TRUE,"Father, husband 
 @mrskrgray
  & SNP MP for Airdrie & Shotts. SNP’s Work & Pensions and Inclusion & Wellbeing lead."
Neil Coyle,Labour,,
Neil Coyle,Labour,FALSE,
Neale Hanvey,Scottish National Party,TRUE,"@theSNP
  Member of Parliament for Kirkcaldy & Cowdenbeath. Tel 0207 219 6877 
  blood 
  heart 
  Dad's Personal tweets. RT not an endorsement"
Naz Shah,Labour,TRUE,"@UkLabour
  Member of Parliament for Bradford West | Shadow Minister for Community Cohesion | Vice Chair 
 @APPGBritMuslims"
Nav Mishra,Labour,FALSE,Proud to represent Stockport in Parliament. Avid cricket fan. Member of Unite & USDAW. Appointments & casework on navendu.mishra.mp@parliament.uk
Natalie Elphicke,Conservative,TRUE,Conservative Member of Parliament for Dover & Deal - for constituent enquiries please email: Natalie.Elphicke.MP@parliament.uk
Nadine Dorries,Conservative,FALSE,"Health Minister of State kept busy by #Covid19 Social distancing, Patient safety, suicide prevention and MH. SundayTimes top 10 best selling author. Mum."
Nadia Whittome,Labour,TRUE,"Labour MP for Nottingham East | she/her | 
 @CommonsEAC
 ."
Nadhim Zahawi,Conservative,FALSE,Member of Parliament for Stratford-on-Avon and Minister for Business and Industry
Munira Wilson,Liberal Democrat,TRUE,MP for Twickenham. Lib Dem Health & Social Care Spokesperson. Please email me on munira.wilson.mp@parliament.uk if you require a reply.
Mohammad Yasin,Labour,FALSE,Member of Parliament for Bedford and Kempston.
Mims Davies,Conservative,TRUE,"Mid Sussex Conservative MP & Employment Minister @ DWP.Previous Whip/
 /Sport&Civil Society Minister & local Cllr-Coeliac-Bad runner 
 OWNVIEWS"
Mike Wood,Conservative,FALSE,"MP for Dudley South - Brierley Hill, Brockmoor, Kingswinford, Netherton, Pensnett, Wall Heath, Woodside & Wordsley. Email casework to mike.wood.mp@parliament.uk"
Mike Kane,Labour,FALSE,"Member of Parliament for Wythenshawe & Sale East. Shadow Minister for Aviation, Maritime and Security."
Mike Hill,Labour,FALSE,Member of Parliament for Hartlepool
Mike Amesbury,Labour,TRUE,Labour Member of Parliament for Weaver Vale | Shadow Housing & Planning Minister | For casework & enquiries please email me at mike.amesbury.mp@parliament.uk
Mickey Brady,Sinn Féin,FALSE,Sinn Féin MP for Newry/Armagh. • Proud to be #YourLocalChampion
Mick Whitley,Labour,TRUE,"Labour MP for Birkenhead.
 Former Regional Secretary for 
 @Unite_NorthWest
 

 Shop Steward at Vauxhall Motors for 27 years.
 

 Enquiries: mick.whitley.mp@parliament.uk"
Michelle Gildernew,Sinn Féin,FALSE,"Sinn Féin MP for the amazing people of Fermanagh Sth Tyrone. Wife/Mummy/Republican/Feminist. Comm1stResponder, Aghaloo Tyrone GAA. I don’t argue with trolls!"
Michelle Donelan,Conservative,FALSE,MP for Chippenham constituency. Minister of State for Universities. For direct responses please email rather than tweet Michelle.donelan.mp@parliament.uk
Michael Tomlinson,Conservative,FALSE,MP - Mid Dorset and North Poole
Michael Gove,Conservative,FALSE,"MP for Surrey Heath. Chancellor of the Duchy of Lancaster 
 @CabinetOfficeUK"
Michael Fabricant,Conservative,FALSE,"Socially liberal MP for #Lichfield. Believes in a global Britain. Loves hill walking, red wine, cosy restaurants & pubs, and The Archers"
Michael Ellis,Conservative,FALSE,Member of Parliament for Northampton North; Solicitor General for England and Wales. Northampton North residents please email for a response.
Mhairi Black,Scottish National Party,FALSE,MP for Paisley & Renfrewshire South. Constituents can get in touch at http://mhairiblack.scot/contact. RTs and Favourites are not always endorsements.
Mel Stride,Conservative,FALSE,Honoured to be MP for Central Devon. Proud to be part of a happy family and father of three girls.
Meg Hillier,Labour,TRUE,"Labour and Co-op MP for Hackney South and Shoreditch.
 

 Constituents please email meg.hillier.mp@parliament.uk"
Matthew Pennycook,Labour,TRUE,Labour MP for Greenwich and Woolwich | Shadow Minister for Climate Change | Arthur and Edith’s Dad | Email: matthew.pennycook.mp@parliament.uk
Matthew Offord,Conservative,TRUE,"Conservative MP for the Hendon constituency - including Burnt Oak, Colindale, Edgware, Mill Hill and West Hendon. For constituency enquiries please email."
Matthew Hancock,Conservative,FALSE,Secretary of State for Health & Social Care and MP for West Suffolk
Matt Western,Labour,TRUE,"Labour Member of Parliament for Warwick and Leamington. Arsenal fan. If you have an issue relating to Covid-19, please go to http://mattwestern.org/covid-19"
Matt Warman,Conservative,TRUE,"Minister for Digital Infrastructure. Member of Parliament for Boston & Skegness. Former Technology Editor, Daily Telegraph. Conservative."
Matt Rodda,Labour,TRUE,Labour MP for Reading East | For casework email mattroddampcasework@parliament.uk
Mary Robinson,Conservative,TRUE,"@Conservatives
  Member of Parliament for Cheadle. Please send casework/policy queries to mary.robinson.mp@parliament.uk"
Mary Glindon,Labour,FALSE,This is a personal account. If you contact me as your North Tyneside MP you should send an email to my parliamentary account: mary.glindon.mp@parliament.uk
Mary Foy,Labour,TRUE,"@UKLabour
  MP for City of Durham 
  Socialist. Trade unionist. Love singing, solidarity & HOPE. For casework: mary.foy.mp@parliament.uk or 0191 374 1915"
Martyn Day,Scottish National Party,TRUE,"SNP MP for Linlithgow and East Falkirk. Tweets by Martyn and team, video at http://youtube.com/MartynDaySNP. Enquiries via 01506 243959 or mail@martynday.scot"
Martin Vickers,Conservative,FALSE,"MP for Cleethorpes 
 Constituency Office: 62 St. Peter's Avenue, Cleethorpes DN35 8HP. Tel. 01472 603554. Email mvickersmp@parliament.uk
 I do not reply to Tweets"
Martin Docherty-Hughes,Scottish National Party,TRUE,"@TheSNP
  MP West #Dunbartonshire | Husband | #whippets | #Independence 
  | Pal of #Estonia 
  Blockchain 
  Email: martin.docherty.mp@parliament.uk"
Marsha de Cordova,Labour,TRUE,"Shadow Women and Equalities Secretary 
 @uklabour
  Member of Parliament for Battersea Email: marsha.decordova.mp@parliament.uk Call: 0207 924 1973"
Mark Tami,Labour,TRUE,"@UKLabour
  Member of Parliament for Alyn & Deeside. Email tamim@parliament.uk for help if you are a constituent, or call 01244 836350 if it's an emergency."
Mark Spencer,Conservative,TRUE,Conservative MP for Sherwood. Gov Chief Whip. Former Nottinghamshire County and Gedling Borough Councillor. Farmer.
Mark Pritchard,Conservative,FALSE,"UK's Intelligence & Security Committee, Fmr Special Rep SE Europe & Leader UK del to OSCE PA Fmr National Security Strategy Cttee, PACE, NATO PA, PM Trade Envoy"
Mark Pawsey,Conservative,FALSE,Member of Parliament for Rugby & Bulkington; Rugby lad and keen enthusiast of rugby the game. Email mark.pawsey.mp@parliament.uk
Mark Jenkinson,Conservative,TRUE,"@Conservatives
  MP for Workington. “Bear of a man” - The Independent. Replies, tweets & DMs not monitored, instead please email office@mark-jenkinson.co.uk"
Mark Hendrick,Labour,TRUE,"Sir Mark Hendrick, Labour and Co-operative Member of Parliament for Preston."
Mark Harper,Conservative,FALSE,"MP for the Forest of Dean. For casework, please contact me at mark.harper.mp@parliament.uk"
Mark Garnier,Conservative,TRUE,Wyre Forest's Conservative Member of Parliament. Working for ALL Wyre Forest on EVERY Issue.
Mark Eastwood,Conservative,TRUE,"Conservative MP for #Dewsbury #Mirfield #Kirkburton & #DenbyDale. Family Man, Leeds Fan & 40 Something Indie/House/Techno Fan. E: mark.eastwood.mp@parliament.uk"
Marion Fellows,Scottish National Party,TRUE,SNP MP for Motherwell & Wishaw; Westminster spokesperson for Disabilities; Post Office APPG Chair; mother and granny; SNP Trade Union Group & SNP CND member.
Marie Rimmer,Labour,TRUE,Labour MP for St Helens South & Whiston. Constituents please email marie.rimmer.mp@parliament.uk
Maria Miller,Conservative,TRUE,"Conservative MP for Basingstoke, please email if you are a constituent with a specific issue that requires a personal response maria.miller.mp@parliament.uk"
Maria Eagle,Labour,TRUE,Labour MP for Garston & Halewood T 0151 448 1167 E maria.eagle.mp@parliament.uk
Maria Caulfield,Conservative,TRUE,"Conservative MP for Lewes, Assistant Gov Whip, Nurse and in my spare time I look after some sheep! Please contact me via email for constituency queries."
Margaret Hodge,Labour,TRUE,"Labour MP for Barking and the heart of Dagenham. 
 @taxinparliament
  Chair. I am currently working remotely, see pinned tweets for all details on staying in touch."
Margaret Greenwood,Labour,FALSE,"Member of Parliament for Wirral West. If you live in Wirral West and have an issue that you wish to raise with me, call my office on 0151 792 3416."
Margaret Ferrier,Independent,FALSE,MP Rutherglen & Hamilton West. If a constituent Email: Margaret.Ferrier.MP@parliament.uk Like RT ≠END
Marcus Jones,Conservative,FALSE,"Proud to be Nuneaton, Arley and Hartshill MP since 2010. Vice Chamberlain to Her Majesty’s Household, Government Whip. Minister for Local Government 2015-2018."
Marcus Fysh,Conservative,FALSE,MP for the Yeovil constituency. For constituent casework and response please email me at marcus.fysh.mp@parliament.uk
Marco Longhi,Conservative,FALSE,"I am the Member of Parliament for Dudley North. Case work will not be handled via Twitter, please email me at marco.longhi.mp@parliament.uk"
Maggie Throup,Conservative,FALSE,"Member of Parliament for Erewash, Lord Commissioner of HM Treasury & Government Whip"
Lyn Brown,Labour,FALSE,Member of Parliament for West Ham
Luke Pollard,Labour,TRUE,"Labour & Co-op Member of Parliament for Plymouth Sutton & Devonport, Shadow Environment Secretary and a big fan of cake. He/him #lukeMP"
Luke Hall,Conservative,FALSE,"Minister for Regional Growth and Local Government. Member of Parliament for Thornbury, Yate and the surrounding villages."
Luke Evans,Conservative,TRUE,"Doctor (GP). Member of Parliament for Hinckley & Bosworth. Conservative. Contact: luke.evans.mp@parliament.uk
 - Casework only taken via email. Thank you"
Lucy Powell,Labour,TRUE,Labour & Co-op MP for Manchester Central | Shadow Business & Consumer Affairs Minister contact@lucypowell.org.uk http://facebook.com/lucy4mcr
Lucy Frazer,Conservative,FALSE,MP for South East Cambridgeshire. Minister for Prisons and Probation. If you want to contact me please email lucy.frazer.mp@parliament.uk
Lucy Allan,Conservative,FALSE,Member of Parliament for Telford Telephone 01952 290039 email lucy.allan.mp@parliament.uk
Louise Haigh,Labour,FALSE,Member of Parliament for Sheffield Heeley and Shadow Secretary of State for Northern Ireland. For casework please email Louise.Haigh.MP@parliament.uk
Lloyd Russell-Moyle,Labour,TRUE,Labour/Coop Kemptown & Peacehaven MP. Email lloyd@russell-moyle.co.uk. Retweets/“likes” are not endorsements they‘re highlighted views (sometimes disagreeable).
Liz Twist,Labour,FALSE,Member of Parliament for Blaydon constituency. For all casework requests please telephone my office on 0191 414 2488 or e-mail liz.twist.mp@parliament.uk
Liz Saville Roberts,Plaid Cymru,FALSE,"Aelod Seneddol Dwyfor Meirionnydd Member of Parliament | Arweinydd Seneddol 
 @Plaid_Cymru
  Westminster Leader | liz.savilleroberts.mp@parliament.uk"
Liz Kendall,Labour,TRUE,Labour MP for Leicester West. If you’re a resident and need my help please ring 0116 204 4980 or email liz.kendall.mp@parliament.uk
Lisa Nandy,Labour,TRUE,Labour MP for Wigan. Shadow Foreign Secretary
Lisa Cameron,Scottish National Party,FALSE,"Member of Parliament for East Kilbride, Strathaven & Lesmahagow Mother animal lover politician"
Lindsay Hoyle,Speaker,FALSE,Rt Hon Sir Lindsay Hoyle.This a/c relates to my activities as MP for Chorley. Updates on my role as Speaker can be viewed on my Instagram a/c commons_speaker
Lilian Greenwood,Labour,TRUE,"@UKLabour
  MP for Nottingham South, amongst other things. She/her. Constituents please get in touch via lilian.greenwood.mp@parliament.uk or ring 0115 711 7000"
Liam Byrne,Labour,TRUE,"Shadow Mayor for the West Midlands | Labour MP for Birmingham Hodge Hill | Chair, 
 @ParlNetwork
  on 
 @WorldBank
  
 @IMFNews
  | Research Fellow 
 @NuffieldCollege"
Lia Nici,Conservative,TRUE,"Conservative Member of Parliament for #Grimsby & Councillor for Scartho Ward. Proud Grimbarian. Office: 01472 426470
 Email me at: lia.nici.mp@parliament.uk"
Leo Docherty,Conservative,FALSE,"MP for Aldershot, Farnborough and Blackwater • Assistant Government Whip • No replies via Twitter, please use 
  http://leodocherty.org.uk/contact"
Lee Benjamin Rowley,Conservative,TRUE,"Member of Parliament for North East Derbyshire & Deputy Chairman 
 @Conservatives
 . Proudly Derbyshire born and bred. Please email if constituent!"
Lee Anderson,Conservative,,
Lee Anderson,Conservative,FALSE,
Layla Moran,Liberal Democrat,TRUE,"Lib Dem MP for Oxford West & Abingdon | Spokesperson for Foreign Affairs and International Development | Chair of 
 @AppgCoronavirus
  | http://laylamoran.com | She/Her"
Laurence Robertson,Conservative,FALSE,"Member of Parliament for Tewkesbury 
 

 PM's Trade Envoy to Angola & Zambia  
 

 RTs not an endorsement. For casework email: laurence.robertson.mp@parliament.uk"
Laura Farris,Conservative,FALSE,"Member of Parliament for Newbury. Home Affairs Select Committee. Co-Chair of 
 @WomenWorkAPPG
 . For casework please email laura.farris.mp@parliament.uk"
Kwasi Kwarteng,Conservative,FALSE,"Member of Parliament for Spelthorne & Minister of State 
 @beisgovuk
 ."
Kit Malthouse,Conservative,FALSE,Member of Parliament for lovely NW Hants. Government Minister for Crime & Policing. Please contact via website or email
Kirsty Blackman,Scottish National Party,TRUE,"SNP MP for Aberdeen North. Aberdonian to my core. Scarf wearer. Not better yet, but taking each day as it comes."
Kirsten Oswald,Scottish National Party,TRUE,"MP for East Renfrewshire & SNP Westminster Deputy Leader | SNP Business Convener | Eastwood SNP | My own views | 
  Casework: kirsten.oswald.mp@parliament.uk"
Kim Johnson,Labour,TRUE,"Labour MP for Liverpool Riverside 
 Former 
 @NorthWestUNISON
  shop steward. Community activist. For all enquires please contact Kim.Johnson.mp@parliament.uk"
Kieran John Mullan,Conservative,FALSE,"Proud to be MP for Crewe & Nantwich.  
  Sport 
  RT not endorsements
 

  For constituents email kieran.mullan.mp@parliament.uk"
Khalid Mahmood,Labour,TRUE,Proud to be serving the people of Birmingham Perry Barr as their Labour Member of Parliament since 2001. Shadow Defence Minister ( procurement )
Kevin Hollinrake,Conservative,FALSE,"Member of Parliament for Thirsk and Malton. Wife Nikky, 4 kids. Love cricket, rugby union, politics, business and family life."
Kevin Foster,Conservative,FALSE,"Member of Parliament for Torbay (Covers Torquay and Paignton), please send queries to kevin@kevinjfoster.com or call 01803 214 989."
Kevin Brennan,Labour,TRUE,"@WelshLabour
  MP for Cardiff West & 
 @CommonsDCMS
  Select Committee Member. Constituency casework can't be dealt with here please email brennank@parliament.uk."
Kevan Jones,Labour,TRUE,Labour Member of Parliament for North Durham. Trustee of the Commonwealth War Graves Foundation and a Former Defence Minister
Kerry McCarthy,Labour,TRUE,"Labour Member of Parliament for Bristol East/ shadow Minister for Green Transport. For diary, constituent queries please email Kerry.mccarthy.mp@parliament.uk."
Kenny MacAskill,Scottish National Party,FALSE,Kenny MacAskill
Kemi Badenoch,Conservative,TRUE,"Conservative MP for Saffron Walden. Treasury & Equalities Minister. For constituent queries, pls email Kemi.Badenoch.mp@parliament.uk providing home address"
Kelly Tolhurst,Conservative,FALSE,Member of Parliament for Rochester & Strood Constituency
Keir Starmer,Labour,TRUE,Leader of the Labour Party. Member of Parliament for Holborn and St Pancras. Former Director of Public Prosecutions.
Katherine Fletcher,Conservative,TRUE,"@Conservatives
  MP for South Ribble. Managed by Katherine & the constituency team. For support email Katherine.Fletcher.mp@parliament.uk inc. your postal address"
Kate Osborne,Labour,FALSE,"Proud to be Member of Parliament for the constituency of Jarrow. Socialist. Trade Unionist. Mum. Wife. She/Her.
  For casework: kate.osborne.mp@parliament.uk"
Kate Osamor,Labour,FALSE,"Feminist. From Margin to Center - Bell Hooks
 

 Constituents email edmontonconstituency@parliament.uk|| 0208 803 0574"
Kate Hollern,Labour,TRUE,"@UKLabour
  MP for Blackburn and Shadow Minister for Local Government. For casework please contact kate.hollern.mp@parliament.uk"
Kate Green,Labour,TRUE,Labour MP for Stretford & Urmston and Shadow Education Secretary
Karl Turner,Labour,TRUE,"@UKLabour
 , born and bred in East Hull, for East Hull. Shadow Minister - Legal Aid. Stella’s dad, wife Leanne. Socialist, #LeftyLawyer 
 . Fellow 
 @LeedsBeckett"
Karl McCartney,Conservative,TRUE,"Cars, cakes, Politics. Honour & privilege as elected Lincoln’s Conservative MP: 2010, 2015 & 2019. RTs obvs not endorsements. E: karl.mccartney.mp@parliament.uk"
Karin Smyth,Labour,TRUE,"Labour MP Bristol South. Shadow NI Minister. Member 
 @CommonsPACAC
  If you are a constituent who wants to contact me, please email: karin.smyth.mp@parliament.uk"
Karen Buck,Labour,TRUE,Labour MP for Westminster North. Live locally? Please raise issues with me via email at buckk@parliament.uk as I can’t do casework on Twitter. Thank you!
Justin Tomlinson,Conservative,TRUE,"Conservative, North Swindon MP and Minister for Disabled People. Assistant Manager to Margot & Kate Tomlinson"
Justin Madders,Labour,TRUE,"Labour MP for Ellesmere Port & Neston. Local, hard-working & on your side. Shadow Health Minister. Any queries please email me justin.madders.mp@parliament.uk"
Julie Marson,Conservative,FALSE,"Working hard for Hertford and Stortford. If you are a constituent, please email me at julie.marson.mp@parliament.uk as I cannot guarantee a response on Twitter."
Julie Elliott,Labour,TRUE,Labour Member of Parliament for Sunderland Central
Julian Sturdy,Conservative,TRUE,Conservative Member of Parliament for York Outer since 2010. Constituents can contact me via julian.sturdy.mp@parliament.uk
Julian Smith,Conservative,FALSE,Member of Parliament for Skipton & Ripon
Julian Knight,Conservative,FALSE,"Three times elected MP for Solihull, chair DCMS select committee, For casework or any questions please email julian.knight.mp@parliament.uk"
Julia Lopez,Conservative,TRUE,Conservative MP for Hornchurch & Upminster and Parliamentary Secretary at Cabinet Office. Please email julia.lopez.mp@parliament.uk with queries and casework.
Judith Cummins,Labour,TRUE,"Labour MP for Bradford South. 
 

 I do not deal with casework on Twitter - if you are a constituent please email me at judith.cummins.mp@parliament.uk"
Joy Morrissey,Conservative,TRUE,Conservative Member of Parliament for Beaconsfield | Mum | If you are a constituent please contact my office: joy.morrissey.mp@parliament.uk
Jonathan Reynolds,Labour,FALSE,"Shadow Secretary of State for Work and Pensions. Lab/Co-Op MP for Stalybridge, Hyde, Mossley, Longdendale & Dukinfield. Chair 
 @ChrLeft
 ."
Jonathan Lord,Conservative,FALSE,"MP for Woking. For a reply to any/all queries, constituents should pls email jonathan.lord.mp@parliament.uk (No JL replies via Twitter). RT not an endorsement."
Jonathan Djanogly,Conservative,TRUE,Conservative Member of Parliament for the Huntingdon constituency.
Jonathan Ashworth,Labour,TRUE,Labour MP for Leicester South | shadow Health & Social Care Secretary | Marathon Runner
Jon Trickett,Labour,TRUE,"And they'll raise their hands, saying ""We'll meet all your demands""
 But we'll shout from the bow, ""Your days are numbered""
 Labour MP"
Jon Cruddas,Labour,TRUE,Labour MP for Dagenham and Rainham. For all casework enquiries please email cruddasj@parliament.uk
Johnny Mercer,Conservative,FALSE,Father of three; husband of 1. Believer in change; Follow if you think #plymouthdeservesbetter Member of Parliament for Plymouth Moor View
Johnny McNally,Scottish National Party,TRUE,"@theSNP
  Member of Parliament for the Falkirk Constituency. Enquiries: john.mcnally.mp@parliament.uk"
John Whittingdale,Conservative,TRUE,"Conservative Member of Parliament for Maldon and Minister for Media and Data, DCMS"
John Stevenson,Conservative,FALSE,"John Stevenson is the MP for Carlisle. If you are a constituent and you have any queries, please email office@johnstevensonmp.co.uk"
John Spellar,Labour,TRUE,Labour MP for Warley in the Black Country.
John Redwood,Conservative,,
John Redwood,Conservative,FALSE,
John Penrose,Conservative,TRUE,"News from John Penrose, MP for Weston-super-Mare, Chair of Conservative Policy Forum, PM's Anti-Corruption Champion"
John Nicolson,Scottish National Party,FALSE,Member of the Westminster Parliament for Ochil & South Perthshire. Journalist.
John McDonnell,Labour,TRUE,Labour MP for Hayes and Harlington and former Shadow Chancellor. Join the Labour Party here: http://join.labour.org.uk
John Lamont,Conservative,FALSE,"MP for the Borders. Fighting against IndyRef2 : Out of hours, I’m training for my next marathon, somewhere. Triathlete. Ironman."
John Howell,Conservative,FALSE,MP for the Henley Constituency. Please email questions to howelljm@parliament.uk
John Healey,Labour,TRUE,Husband and Dad. Proud Yorkshireman. Labour MP for Wentworth and Dearne and Shadow Defence Secretary.
John Glen,Conservative,FALSE,"Member of Parliament for Salisbury. City Minister and Economic Secretary to the Treasury. For casework, please contact john.glen.mp@parliament.uk."
John Finucane,Sinn Féin,FALSE,North Belfast MP
John Cryer,Labour,TRUE,Labour MP for Leyton & Wanstead. Please email me at john.cryer.mp@parliament.uk if you want a reply in more than 280 characters - Please email with your address
Joanna Cherry QC,Scottish National Party,TRUE,"SNP MP for Edinburgh South West, Queen's Counsel and Feminist."
Jo Stevens,Labour,TRUE,"Labour MP for Cardiff Central. Mum, sister, daughter. Shadow Secretary of State for Digital Culture Media and Sport."
Jo Gideon,Conservative,FALSE,"MP for Stoke on Trent Central | West Midlander born and bred | PPS to Secretary of State for 
 @BEISgovuk
  | RT not an endorsement | jo.gideon.mp@parliament.uk"
Jo Churchill,Conservative,FALSE,"MP for Bury St Edmunds,Stowmarket,Needham Market & villages. 
 @DHSCgovuk
  Minister for Public Health, Primary Care & Prevention. 
 jo.churchill.mp@parliament.uk"
Jim Shannon,Democratic Unionist Party,FALSE,"Democratic Unionist Party Member of Parliament to Strangford PC.
 jim.shannon1@btopenworld.com.
 02891827990"
Jim McMahon,Labour,TRUE,"Labour & Co-operative MP for Oldham West & Royton
  | Chair, Co-op Party 
  | Shadow Transport Secretary | 
 @usdaw
  
 @gmb
  | 
 @uklabour
  
 @coopparty
  
  | #loveoldham"
Jessica Morden,Labour,TRUE,Labour MP for Newport East.
Jesse Norman,Conservative,FALSE,"Financial Secretary at HM Treasury/tax and infrastructure strategy, Hereford & S Hfds MP, campaigner, author of bios of Burke & Adam Smith: http://tinyurl.com/yaar9xz6"
Jess Phillips,Labour,TRUE,"Labour MP for Birmingham Yardley
 

 https://jessphillips.net/content/support-petition-domestic-abuse-bill-protects-everyone…"
Jerome Mayhew,Conservative,FALSE,"Member of parliament for Broadland.
 Promoted by Kate Rushton on behalf of Jerome Mayhew both at The Old Smithy, Church Farm, Attlebridge, Norwich NR9 5ST"
Jeremy Hunt,Conservative,FALSE,"MP for South West Surrey and Chair of 
 @CommonsHealth"
Jeremy Corbyn,Independent,TRUE,Labour MP for Islington North
Jeffrey M. Donaldson,Democratic Unionist Party,FALSE,Sir Jeffrey has been Member of Parliament for Lagan Valley since 1997. He is Parliamentary Leader of Democratic Unionist Party & UK Trade Envoy to Egypt.
Jeff Smith,Labour,TRUE,"Labour MP for Manchester Withington
 For all enquiries, or if you’d like a reply please email jeff.smith.mp@parliament.uk
 Contact my office on 0161 445 0678"
Jason McCartney,Conservative,TRUE,"Member of Parliament for Colne Valley - former RAF Officer #ColneValley #HolmeValley #Lindley #Golcar #CroslandMoor #Netherton #HTAFC #GiantsRL 
 @Conservatives"
Janet Daby,Labour,TRUE,Labour MP for Lewisham East | Shadow Minister for Faith | Mum of two | Tweets own | All enquiries please email janet.daby.mp@parliament.uk
Jane Stevenson,Conservative,TRUE,"Conservative MP for Wolverhampton North East. Proud Wulfrunian
 

 If you are a constituent & want to contact me please email jane.stevenson.mp@parliament.uk"
Jane Hunt,Conservative,TRUE,"Conservative MP for Loughborough. I cannot respond to casework here, so please email me at jane.hunt.mp@parliament.uk."
Jamie Stone,Liberal Democrat,TRUE,"Full-time 
 @LibDems
  MP for Caithness, Sutherland and Easter Ross - and Defence & DCMS spokesperson! 
  Part-time Panto Dame 
  #GapsInSupport APPG Chair"
Jamie Hamilton Wallis,Conservative,FALSE,"Member of Parliament for Bridgend & Porthcawl. 
 Proud Unionist 
  
  and Brexiteer! 
  
 Jamie.Wallis.MP@Parliament.uk if you want a reply."
James Wild,Conservative,FALSE,MP for North West Norfolk - for constituency casework email James.wild.mp@parliament.uk Website http://jameswild.org.uk
James Sunderland,Conservative,FALSE,Pragmatic and humbled to serve Bracknell Constituency. I do not respond via Twitter. Please contact: james.sunderland.mp@parliament.uk
James Murray,Labour,TRUE,"Labour Co-op MP for Ealing North
 . Shadow Financial Secretary to the Treasury. Londoner, socialist, former Dep Mayor for Housing. james.murray.mp@parliament.uk"
James Morris,Conservative,FALSE,MP for Halesowen and Rowley Regis and Govt Whip. if you require an answer to your message or enquiry please email me on james.morris.mp@parliament.uk
James Heappey,Conservative,FALSE,"MP for Wells | Minister for the Armed Forces | Excited by all things tech, green and/or disruptive | Once a soldier | Casework james.heappey.mp@parliament.uk"
James Gray,Conservative,FALSE,I am the Member of Parliament for North Wiltshire. For any casework queries please contact: jamesgraymp@parliament.uk and I will respond to within two days.
James Duddridge,Conservative,TRUE,Conservative MP for Rochford and Southend East. Minister for Africa for the UK Government. Need my help? Constituents please email: james@jamesduddridge.com
James Davies,Conservative,FALSE,MP for the Vale of Clwyd (Con); Commons Health Select Committee member; NHS GP. Please e-mail james.davies.mp@parliament.uk to ensure reply.
James Daly,Conservative,FALSE,"Member of Parliament for Bury North.
 Please email james.daly.mp@parliament.uk for constituent matters or call 0161 546 0161 | http://jamesdaly.org.uk/contact"
James Cleverly,Conservative,FALSE,"MP for the Braintree Constituency. Minister for Middle East & North Africa in the Foreign, Commonwealth & Development Office"
James Cartlidge,Conservative,FALSE,Member of Parliament for South Suffolk. Please send all enquiries to james.cartlidge.mp@parliament.uk.
James Brokenshire,Conservative,TRUE,"Security Minister. Conservative Member of Parliament for Old Bexley & Sidcup. Former Essex boy. Owner of four ovens. Follow me on Instagram at 
 @jpbrokenshire"
Jake Berry,Conservative,TRUE,Conservative MP for Rossendale and Darwen. For help or casework please email jake.berry.mp@parliament.uk
Jacob Young,Conservative,FALSE,"Teessider & Yorkshireman. Member of Parliament for the Redcar Constituency (inc. South Bank, Eston, Marske). For a response, email: jacob.young.mp@parliament.uk"
Jacob Rees-Mogg,Conservative,TRUE,Conservative MP for North East Somerset. Lord President of the Council and Leader of the House of Commons.
Jackie Doyle-Price,Conservative,FALSE,Member of Parliament for Thurrock. If you require a response please write to jackie.doyleprice.mp@parliament.uk
Jack Lopresti,Conservative,TRUE,"Conservative MP for Filton and Bradley Stoke. If you would like my help on an issue or to raise a concern, please contact my Office via my website below."
Jack Dromey,Labour,TRUE,"Labour Member of Parliament for Birmingham, Erdington. Shadow Minister for Pensions."
Imran Nasir Ahmad Khan,Conservative,FALSE,"Member of Parliament for Wakefield. Constituents should email imran.mp@parliament.uk, including your full postal address. I do not respond on Twitter."
Imran Hussain,Labour,TRUE,"Labour MP for Bradford East & Shadow Employment Rights and Protections Minister. For enquiries, please contact imran.hussain.mp@parliament.uk"
Ian Murray,Labour,TRUE,Shadow Secretary of State for Scotland and Labour MP for Edinburgh South.
Ian Mearns,Labour,FALSE,Proud to be Member of Parliament for the great people and great Constituency of my home - Gateshead - For Casework please email: ian.mearns.mp@parliament.uk
Ian Lavery,Labour,TRUE,Proud to be the Labour MP for Wansbeck
Ian Byrne,Labour,TRUE,"Labour Member of Parliament for Liverpool West Derby.
  Co-founder 
 @SFoodbanks
 . Pls note I can't reply to casework via Twitter. Email ian.byrne.mp@parliament.uk"
Ian Blackford,Scottish National Party,TRUE,"Member of parliament for Ross, Skye and Lochaber and 
 @theSNP
  Westminster group leader. Constituents with questions should email ian.blackford.mp@parliament.uk"
Iain Stewart,Conservative,FALSE,"MP for Milton Keynes South and Scotland Office Minister.
 Likes and RTs mean interest, not necessarily endorsement.
 For casework and enquires, contact my office."
Iain Duncan Smith,Conservative,TRUE,"Conservative MP for Chingford & Woodford Green, please email iain.duncansmith.mp@parliament.uk for any casework related enquiries"
Hywel Williams,Plaid Cymru,FALSE,"Aelod Seneddol 
 @Plaid_Cymru
  #Arfon Member of Parliament | hywel.williams.mp@parliament.uk | Ail-drydar ≠ cydsyniad RT ≠ endorsements"
Huw Merriman,Conservative,FALSE,"Chairman of Transport Select Committee & MP for Bexhill and Battle constituency. For replies, please email: huw.merriman.mp@parliament.uk"
Holly Lynch,Labour,FALSE,"MP for Halifax + Shadow Immigration Minister. If you need a reply or assistance, please email holly.lynch.mp@parliament.uk or call Hx 399 515 with any casework"
Hilary Benn,Labour,TRUE,Labour MP for Leeds Central https://tuc.org.uk/join-union
Henry Smith,Conservative,FALSE,Dad - Member of Parliament - #Crawley - Vegetarian - Vexillologist. Enquiries? Please email: henry.smith.mp@parliament.uk as I can’t guarantee seeing DMs/posts.
Helen Whately,Conservative,FALSE,Member of Parliament for Faversham and Mid Kent. Minister in the Department of Health & Social Care.
Helen Hayes,Labour,TRUE,Labour Member of Parliament for Dulwich & West Norwood. Shadow Cabinet Office Minister. Mum. Tweeting in personal capacity RTs not endorsements.
Helen Grant,Conservative,FALSE,"Member of Parliament for Maidstone and The Weald and Prime Minister's Trade Envoy to Nigeria.
 

 Please do get in touch at helen.grant.mp@parliament.uk"
Heather Wheeler,Conservative,FALSE,Member of Parliament for South Derbyshire. For casework enquiries/ queries please email heather.wheeler.mp@parliament.uk
Harriett Baldwin,Conservative,FALSE,"MP West Worcestershire 
 @UKParliament
  
 @commonstreasury
  
 @natopapress
  + Chair 
 @BGIPU
  
 @appgglobaled
  
 @appgsudans
  Co-Chair 
 @IPNEducation
  Casework please e-mail direct"
Harriet Harman QC,Labour,FALSE,"Member of Parliament for Camberwell and Peckham. Mother of the House of Commons. Chair 
 @HumanRightsCtte"
Hannah Bardell,Scottish National Party,TRUE,Member of Parliament for the Livingston Constituency. SNP Spokesperson on Consular Affairs & International Engagement. 'Uber Feminist'. She/ her.
Guy Opperman,Conservative,FALSE,"#Hexham MP. Pensions Minister 
 @DWP
 . Amateur jockey 
  Passionate about #Northumberland. Brain tumour survivor / fundraiser."
Greg Smith,Conservative,TRUE,Conservative Member of Parliament for Buckingham constituency. For casework and/or constituency enquiries/questions please email greg.smith.mp@parliament.uk
Greg Knight,Conservative,FALSE,"Member of Parliament for East Yorks. Chair, Parliamentary Historic Vehicles Group. Constituency & casework NOT dealt with here but at: secretary@gregknight.com"
Greg Hands,Conservative,TRUE,"Conservative MP for Chelsea & Fulham. Minister of State for Trade Policy at 
 @tradegovuk
 . Shaun Bailey for London campaign chair."
Greg Clark,Conservative,FALSE,MP for Tunbridge Wells. Chair of Science & Technology Select Committee. I don’t respond on Twitter - constituents please contact me through my website.
Grant Shapps,Conservative,FALSE,Welwyn Hatfield MP and Secretary of State for Transport
Grahame Morris,Labour,TRUE,"Labour MP Easington, CoDurham 
 NHS
 Unite
 Unions
 Transport
 AnimalWelfare
 SocialJustice 
  Solidarity
 Marra 
 LfPME
 Labour dog 
  RT's are NOT nec ends"
Graham Stuart,Conservative,FALSE,"International Trade Minister at 
 @tradegovuk
  and Member of Parliament for Beverley and Holderness"
Graham Brady,Conservative,FALSE,MP for Altrincham & Sale West. Proud to have served my home town since 1997. For assistance please email: altsale@parliament.uk
Gillian Keegan,Conservative,FALSE,"Former apprentice now Minister for Apprenticeships & Skills, Chichester MP. Contact info on website
 Views my own, offensive comments happily muted."
Gill Furniss,Labour,TRUE,Labour MP for Sheffield Brightside & Hillsborough. Opposition Whip. Sheffield born & raised. Proud trade unionist.
Giles Watling,Conservative,FALSE,Member of Parliament for the Clacton constituency. Send casework enquiries to: giles.watling.mp@parliament.uk
Gerald Jones,Labour,TRUE,"@WelshLabour
  Member of Parliament for Merthyr Tydfil & Rhymney. Shadow Wales Office Minister. GMB CoOp Member. LGBT. Instagram: geraldjoneslabour"
Geraint Davies,Labour,TRUE,"@WelshLabour
  & Coop MP
 Swansea West,EFRA&Wales Committtees, CouncilOfEurope,Chair http://appgairpollution.org & Speech&Lang http://geraintdavies.org.uk"
George Freeman,Conservative,FALSE,"1NationTory| ExMinister DfT, BEIS, DHSC, 
 @UKTradeEnvoy
 | Founder, 
 @BigTentIdeas
 | Founder, 
 @2020tories
  + 
 @OneNationCons
 |Author/Editor #BritainBeyondBrexit|"
Geoffrey Cox QC,Conservative,TRUE,Conservative MP for Torridge and West Devon. For reply email tellgeoffrey@geoffreycox.co.uk
Gavin Williamson,Conservative,TRUE,Conservative Member of Parliament for South Staffordshire and Education Secretary. For any casework issues please email gavin@gavinwilliamson.org
Gavin Robinson,Democratic Unionist Party,FALSE,"Member of Parliament for East Belfast 
 Lord Mayor of Belfast 2012/13
 For constituency queries / action please email: gavin.robinson.mp@parliament.uk"
Gavin Newlands,Scottish National Party,FALSE,"Proud MP 4 Paisley & Renfrewshire N.
 Prouder husband to Lynn, and dad to Emma & Eilidh
 'World class' darts player - Russ Bray
 

  gavin.newlands.mp@parliament.uk"
Gary Streeter,Conservative,TRUE,"Conservative MP for South West Devon, including Plympton, Plymstock and Ivybridge. For replies email: deans@parliament.uk"
Gary Sambrook,Conservative,FALSE,"Member of Parliament for Birmingham Northfield For casework please email 
  gary.sambrook.mp@parliament.uk 
  http://garysambrook.co.uk"
Gareth Thomas,Labour,TRUE,"Labour & Co-op MP for Harrow West; Shadow Minister for International Trade. If you have a casework matter, please e-mail me on: gareth.thomas.mp@parliament.uk"
Gareth Davies,Conservative,FALSE,MP for Grantham and Stamford
Gareth Bacon,Conservative,FALSE,Member of Parliament for Orpington. Casework is not done on Twitter. If you are a constituent and wish to contact me please email gareth.bacon.mp@parliament.uk
Gagan Mohindra,Conservative,TRUE,"Conservative Member of Parliament for South West Hertfordshire. Retweets not an endorsement, etc. For my constituents, email gagan.mohindra.mp@parliament.uk ."
Francie Molloy,Sinn Féin,FALSE,Sinn Féin MP for Mid Ulster
Florence Eshalomi,Labour,TRUE,Labour & Co-op MP for Vauxhall |Mia&Malachi’s mummy| Jollof Rice fan #SouthLondonMassive
Flick Drummond,Conservative,,
Flick Drummond,Conservative,FALSE,
Fleur Anderson,Labour,TRUE,"Labour MP for Putney, Southfields and Roehampton. For constituency casework please email: fleur.anderson.mp@parliament.uk"
Feryal Clark,Labour,TRUE,Labour MP for Enfield North
Felicity Buchan,Conservative,TRUE,"@conservatives
  Member of Parliament for Kensington. If you are a constituent with an issue, please email: felicity.buchan.mp@parliament.uk. All retweet personal"
Fay Alicia Jones,Conservative,TRUE,Conservative • Member of Parliament for Brecon and Radnorshire • Tweets largely by my team • Harassment ignored • Email fay.jones.mp@parliament.uk for a reply
Fabian Hamilton,Labour,TRUE,Labour MP for Leeds North East | Shadow Minister for Peace and Disarmament | Constituents email - fabian.hamilton.mp@parliament.uk
Esther McVey,Conservative,TRUE,"Esther McVey is the Conservative MP for Tatton. Contact email address: Esther@tattonconservatives.org.uk & Creator of the podcast 
  http://Bluecollar.buzzsprout.com"
Emma Lewell-Buck,Labour,TRUE,"Labour MP for South Shields
  Contact me: 
  emma.lewell-buck.mp@parliament.uk 
 01914271240"
Emma Hardy,Labour,TRUE,Labour MP for #Hull West and Hessle | Shadow FE & Universities Minister | #Methodist Mum of 2 lovely girls | Once a teacher... | emma.hardy.mp@parliament.uk
Emily Thornberry,Labour,TRUE,Labour MP for Islington South and Finsbury. Shadow International Trade Secretary.
Elliot Colburn,Conservative,TRUE,"@Conservatives
  MP for #Carshalton & #Wallington. Passionate about St Helier & my hometown! For casework, please email elliot.colburn.mp@parliament.uk"
Ellie Reeves,Labour,TRUE,Labour MP for Lewisham West & Penge. Shadow Solicitor General. For casework please contact me at ellie.reeves.mp@parliament.uk or 020 7219 2668.
Elizabeth Truss,Conservative,FALSE,MP for South West Norfolk. Trade Secretary.
Eleanor Laing,Conservative,FALSE,"Member 
 @UKParliament
  for #EppingForest and principal Deputy Speaker, (first #woman) Chairman of Ways & Means 
 @HouseofCommons"
Edward Timpson,Conservative,FALSE,Member of Parliament for #Eddisbury. Father of 4. Former Minister for Children & Families. Family law barrister prior to politics. Marathon runner. Dog owner.
Edward Miliband,Labour,TRUE,"Shadow Business and Energy Secretary, Labour MP for Doncaster North. Husband to Justine, Dad to Daniel and Sam."
Edward Leigh,Conservative,FALSE,"Father of six & Member of Parliament for Gainsborough, Lincolnshire. Enquiries here will not be responded to. Contact me at edward.leigh.mp@parliament.uk."
Edward Davey,Liberal Democrat,TRUE,"Leader of 
 @LibDems
 , husband, father, carer, and MP for Kingston & Surbiton. Campaigning for a greener, fairer and more caring country. He/him"
Eddie Hughes,Conservative,TRUE,"Member of Parliament for Walsall North, Conservative.  
 #HandsFaceSpace"
Duncan Charles Baker,Conservative,TRUE,"MP for North Norfolk. One Time Mayor, Family Man and Conservative at NNDC. Views my own. Pls use my website for sending casework. Opinions 
  Abuse/Obsess ="
Drew Hendry,Scottish National Party,TRUE,"SNP MP for Inverness, Nairn, Badenoch & Strathspey"
Dr Thérèse Coffey,Conservative,TRUE,Conservative MP for Suffolk Coastal. SoS for Work and Pensions. Please don't expect Twitter reply. Constituents please email me
Dr Rupa Huq,Labour,TRUE,"MP for Ealing Central and Acton since 2015 http://facebook.com/rupa4labour NB I cannot conduct casework by twitter, please email rupa.huq.mp@parliament.uk"
Dr Rosena Allin-Khan,Labour,TRUE,"Labour MP for #Tooting 
 Shadow Cabinet Minister for Mental Health 
 A&E Doctor 
 Born & raised in Tooting 
 rosena@drrosena.co.uk (she/her)"
Dr Philippa Whitford,Scottish National Party,FALSE,I’m delighted to have been re-elected as MP for Central Ayrshire and will do my best to assist constituents and work with local community groups and industries.
Dr Liam Fox,Conservative,FALSE,Member of Parliament for North Somerset. International Trade Secretary (2016-19) & Defence Secretary (2010-11). http://Facebook.com/drliamfox http://Instagram.com/drliamfox
Dr Caroline Johnson,Conservative,TRUE,Conservative MP for Sleaford & North Hykeham. Conservative Party Vice Chair. NHS Doctor. If you’re a constituent please email caroline@carolinejohnson.co.uk
Dr Andrew Murrison,Conservative,FALSE,"Serves SW Wiltshire. Ex minister & Select Committee chair. Navy vet, reservist, doctor, proud father of 5. Likes defence, NI, foreign affairs, healthcare."
Dr Alan Whitehead,Labour,TRUE,Labour MP for Southampton Test. Shadow Minister for Energy and the Green New Deal
Douglas Ross,Conservative,FALSE,"MP for Moray and leader of the 
 @ScotTories
 . 
 

 For constituency enquiries please email douglas.ross.mp@parliament.uk"
Douglas Chapman,Scottish National Party,FALSE,Dunfermline & West Fife : SME & Innovation Spokesperson : Food : ArcticCircle : Constituents pls contact #TeamChapman at douglas.chapman.mp@parliament.uk We/Us
Dominic Raab,Conservative,FALSE,"MP for Esher and Walton, Foreign Secretary & First Secretary of State, father of two, boxing fan.
 For constituents enquiries: dominic.raab.mp@parliament.uk"
Diane Abbott,Labour,FALSE,Member of Parliament for Hackney North and Stoke Newington. Retweeting does not mean agreement.
Diana Johnson,Labour,TRUE,"First woman Labour MP in Hull North. “Nothing like a Dame”. Strong tea, crime novels & black labradors. Casework please email: Johnsond@Parliament.UK"
Desmond Swayne,Conservative,TRUE,"Sir Desmond Swayne, Conservative MP for New Forest West.  
 http://facebook.com/desmond.swayne desmondswayne@hotmail.com"
Derek Twigg,Labour,FALSE,Member of Parliament for Halton.
Derek Thomas,Conservative,FALSE,"MP for West Cornwall & the Isles of Scilly. If you have an idea, question or for case work you can contact me at derek.thomas.mp@parliament.uk"
Deidre Brock,Scottish National Party,TRUE,SNP MP for Edinburgh North and Leith. Environment Food Rural Affairs spokesperson Full contact details on my website - http://dbrockmp.scot
Dehenna Davison,Conservative,TRUE,"Proud to be elected the first Conservative MP for beautiful Bishop Auckland | Name rhymes with Vienna | Muscle car, baseball & fluffy animal enthusiast"
Debbie Abrahams,Labour,TRUE,"Labour MP for Oldham East & Saddleworth. 
 

 Former Public Health consultant. Fellow of the Faculty of Public Health. 
 For support, email abrahamsd@parliament.uk"
Dean Russell,Conservative,TRUE,Conservative MP for Watford - Health & Social Care Select Committee - Joint Committee on Human Rights  - For casework & enq: dean.russell.mp@parliament.uk
Dawn Butler,Labour,FALSE,"MP for Brent Central 
  dawn.butler.mp@parliament.uk
 First elected Black female government minister in the UK"
David Warburton,Conservative,FALSE,Member of Parliament for Somerton & Frome in glorious Somerset. To contact don't tweet! Please email david.warburton.mp@parliament.uk - thanks!
David T. C. Davies,Conservative,TRUE,"Conservative MP for Monmouth | Parliamentary Under Secretary of State 
 @UKGovWales
  | For constituency casework/a reply please email david.davies.mp@parliament.uk"
David Simmonds,Conservative,TRUE,"Conservative MP for Ruislip, Northwood & Pinner and Hillingdon Councillor for Ickenham. Constituency enquiries dealt with via official channels, details online"
David Rutley,Conservative,FALSE,"Member of Parliament for Macclesfield. If you are a constituent, please email any casework or policy related concerns to david.rutley.mp@parliament.uk"
David Mundell,Conservative,FALSE,"Member of Parliament for Dumfriesshire, Clydesdale and Tweeddale."
David Morris,Conservative,FALSE,Member of Parliament for Morecambe and Lunesdale. For casework please email david.morris.mp@parliament.uk
David Linden,Scottish National Party,TRUE,"@theSNP
  MP for Glasgow East"
David Lammy,Labour,TRUE,"Labour MP for Tottenham. Shadow Lord Chancellor and Shadow Secretary of State for Justice. Recently wrote a new book, Tribes. Spurs fan #COYS."
David Jones,Conservative,TRUE,Conservative MP for Clwyd West / Aelod Seneddol Ceidwadol dros Orllewin Clwyd. Retweets do not imply approval; they simply signify interest.
David Johnston,Conservative,TRUE,"@Conservative
  MP for Wantage and Didcot. Twitter mostly for broadcast only so best to email david.johnston.mp@parliament.uk if you have a question or problem."
David Evennett,Conservative,FALSE,Member of Parliament for Bexleyheath and Crayford
David Duguid,Conservative,TRUE,Scottish Conservative & Unionist MP for Banff & Buchan.
David Davis,Conservative,TRUE,Conservative Member of Parliament for Haltemprice and Howden.
David Amess,Conservative,FALSE,"Member of Parliament for Southend West. I do not respond to issues on Twitter, please email amessd@parliament.uk"
Dave Doogan,Scottish National Party,TRUE,SNP MP for Angus - Aircraft Engineer - Views all mine!
Darren Jones,Labour,FALSE,"Member of Parliament, Bristol NW | Chair 
 @CommonsBEIS
  | Member 
 @JointCtteNSS
  
 @CommonsLiaison
  | Tech Wonk | Father to Ophelia and Edie. Husband to Lucy."
Darren George Henry,Conservative,TRUE,"The 
 @Conservatives
  Member of Parliament for Broxtowe • Former RAF Squadron Leader • Per Ardua Ad Astra • Casework & Enquiries 
 darren.henry.mp@parliament.uk"
Danny Kruger,Conservative,TRUE,MP for Devizes. Conservative. For all constituency matters please contact me via http://dannykruger.org.uk/contact
Daniel Zeichner,Labour,TRUE,"Cambridge MP. 
 @UKLabour
  Shadow Minister. Loves music at 
 @kettlesyard
 , sport (
 @CambridgeUtdFC
  ST holder) & outdoors. For reply email: daniel@danielzeichner.co.uk"
Daniel Kawczynski,Conservative,TRUE,"Shrewsbury,Member of Parliament,Conservative"
Dan Jarvis,Labour,TRUE,"Labour MP for Barnsley Central & 
 @SCR_Mayor
 . Author of Long Way Home."
Dan Carden,Labour,TRUE,"@UKLabour
  MP for Liverpool Walton | 
  dan.carden.mp@parliament.uk"
Damian Hinds,Conservative,FALSE,"Member of Parliament for East Hampshire. 
 For ALL correspondence, questions and casework, please use: damian.hinds.mp@parliament.uk"
Damian Green,Conservative,FALSE,Member of Parliament for Ashford. For an individual reply email http://damian.green.mp@parliament. uk
Damian Collins,Conservative,FALSE,"MP for Folkestone & Hythe email - damian.collins.mp@parliament.uk and co-founder of 
 @infotagion
  - host Infotagion podcast http://infotagion.com/?p=2226"
Daisy Cooper,Liberal Democrat,TRUE,"MP for #StAlbans. 
 @libdems
  Deputy Leader and Education Spokesperson. Please email Daisy.Cooper.MP@parliament.uk if you require a reply."
Crispin Blunt,Conservative,FALSE,"Member of Parliament for Reigate.
 For any queries, please email crispinbluntmp@parliament.uk"
Craig Williams,Conservative,FALSE,MP for Montgomeryshire. Broadcast only - please email craig.williams.mp@parliament.uk with questions.
Craig Whittaker,Conservative,TRUE,"Conservative MP for Calder Valley in West Yorkshire. 
 ALL Queries, please email craig.whittaker.mp@parliament.uk for a response. No response via Twitter"
Craig Tracey,Conservative,TRUE,"Conservative Member of Parliament for North Warwickshire & Bedworth 
 @nwarksconserv
  Email craig.tracey.mp@parliament.uk or write to me if a response is required."
Craig Mackinlay,Conservative,TRUE,"Conservative Member of Parliament for South Thanet - Cliftonville, Broadstairs & St Peters, Ramsgate, Sandwich and the Villages. Local office 01843 603242"
Conor McGinn,Labour,TRUE,Labour MP for St Helens North | Shadow Security Minister | conor.mcginn.mp@parliament.uk
Conor Burns,Conservative,FALSE,Member of Parliament for Bournemouth West. (Constituency and policy matters by email only)
Colum Eastwood,Social Democratic and Labour Party,FALSE,"@SDLPlive
  Leader, MP for Foyle, husband to Rachael and dad to two wonderful girls. colum.eastwood@sdlp.ie"
Clive Lewis,Labour,TRUE,Labour MP for Norwich South. Tweets sometimes from staff. Radical not orthodox. Contact: casework@clivelewis.org
Clive Efford,Labour,TRUE,Labour MP for Eltham and local resident. Chair of the Tribune Group of MPs. Governor of two local schools and chair of trustees of Samuel Montagu Youth Club
Claudia Webbe,Independent,TRUE,"Labour MP 
 | 
 @UKLabour
  Member of Parliament for Leicester East | Socialist | Leicester born and bred | For casework claudia.webbe.mp@parliament.uk| She/her"
Claire Hanna,Social Democratic and Labour Party,FALSE,"MP for South Belfast, for social democracy & a shared future. Enjoy arts, sustainability, the EU, Parkrun! Mum of 3 lively girls info@clairehanna.org"
Christopher Pincher,Conservative,FALSE,"Member of Parliament for Tamworth & Minister of State for Housing at 
 @MHCLG
 . Please send casework to Christopher.pincher.mp@parliament.uk."
Christopher Hazzard,Sinn Féin,FALSE,"Sinn Féin MP for South Down, Ireland. Irish Unity & International Solidarity ~ We only want the Earth ~ Siempre Venceremos southdownmp@gmail.com"
Christine Jardine,Liberal Democrat,TRUE,"Liberal Democrat MP Edinburgh West, spokesperson on Treasury, Trade, Brexit and Europe"
Christina Rees,Labour,TRUE,"Welsh Labour and Co-operative MP for Neath. For constituency casework, please email: christina.rees.mp@parliament.uk. #KeepWalesSafe"
Christian Wakeford,Conservative,TRUE,Conservative MP for #BurySouth #Radcliffe #Prestwich #Whitefield #Unsworth #Ainsworth #Simister For a response please email: Christian.wakeford.mp@parliament.uk
Christian Matheson,Labour,TRUE,"Labour MP for Chester. I love our city. This is my official page - for all enquiries and case work, please use chris@chrismatheson.co.uk."
Chris Stephens,Scottish National Party,FALSE,"Chris Stephens, is the MP for the Glasgow South West, for constituency enquiries, please email chris.stephens.mp@parliament.uk or telephone 0141 883 0875"
Chris Skidmore,Conservative,FALSE,"MP for Kingswood. Dad of 3. Co-chair 
 @universityappg
  Chair 
 @appgmuseums
  and Chair 
 @UPP_Foundation
  Advisory Board. Various history books."
Chris Philp,Conservative,FALSE,"Father, Serial Entrepreneur and MP for Croydon South. Home Office and Justice Minister"
Chris Loder,Conservative,TRUE,"Conservative MP for West Dorset. Championing rural communities and businesses. Committee Member 
 @CommonsTrans
  | Chair of APPG on SWR 
  hello@chrisloder.co.uk"
Chris Law,Scottish National Party,TRUE,"Proud 
 @theSNP
  MP for Dundee West,SNP Shadow Secretary for International Development & Climate Justice,Spirit of Independence Founder& Campaigner,UK Parl Rep NEC"
Chris Heaton-Harris,Conservative,TRUE,Conservative Member of Parliament for Daventry
Chris Green,Conservative,FALSE,"Member of Parliament for Bolton West & Atherton. For correspondence, please email or write. Contact details can be found on my website below."
Chris Evans,Labour,TRUE,Labour & Co-op MP for Islwyn. Please contact me at Chris.evans.mp@parliament.uk with constituent issues as I cannot reply on Twitter
Chris Elmore,Labour,TRUE,"Welsh Labour MP for Ogmore | Opposition Whip | Shadow Scotland Office Minister | Member, Procedure Committee | Chair, 
 @SocialMediaAPPG
  | #KeepWalesSafe"
Chris Clarkson,Conservative,TRUE,"@Conservatives
  MP for Heywood & Middleton. 
 For all casework, policy enquiries and campaigns please email chris.clarkson.mp@parliament.uk to ensure a response."
Chris Bryant,Labour,TRUE,"Labour MP for the Rhondda. If you are a constituent with a casework query, please contact my office on 01443 442521."
Chloe Smith,Conservative,FALSE,"The official account for Chloe Smith, Member of Parliament for Norwich North. Get in touch chloe@chloesmith.org.uk #ilovenorwich #NorwichNorth"
Chi Onwurah,Labour,TRUE,"Labour Member of Parliament for Newcastle Central, Shadow Minister, Digital, Science & Tech For constituency casework email me: chi.onwurah.mp@parliament.uk"
Cheryl Gillan,Conservative,TRUE,Conservative MP for Chesham and Amersham all enquiries to gillanc@parliament.uk with name & address and phone number
Cherilyn Mackrory,Conservative,TRUE,Proud to be the MP for Truro & Falmouth - #conservatives Working mum. All opinions my own etc etc. #lovewhereyoulive
Charlotte Nichols,Labour,TRUE,Labour Member of Parliament for Warrington North • Shadow Minister for Women & Equalities • Pubs APPG Chair • email: charlotte.nichols.mp@parliament.uk •
Charles Walker,Conservative,FALSE,"Member of Parliament for Broxbourne. I am unable to respond on Twitter, for any enquiries please email Charles.walker.mp@parliament.uk"
Catherine West,Labour,TRUE,Labour MP for Hornsey and Wood Green | Shadow Minister for Europe and the Americas | Mum of two | Tweets my own
Catherine McKinnell,Labour,TRUE,"Labour MP for Newcastle North & Chair of 
 @HoCPetitions
 . If a constituent EMAIL ME as I may not see tweet. Abusive & trolling tweeters will be BLOCKED."
Cat Smith,Labour,TRUE,"Lancs lass, Mam to one and Labour MP for Lancaster & Fleetwood. Shadow Minister for Voter Engagement & Young People. cat.smith.mp@parliament.uk for response."
Carolyn Harris,Labour,TRUE,"Welsh Labour MP for Swansea East | Deputy Leader of Welsh Labour | PPS to 
 @Keir_Starmer
  | #KeepWalesSafe"
Caroline Nokes,Conservative,TRUE,Conservative MP for Romsey and Southampton North since 2010. Please use email for casework. caroline.nokes.mp@parliament.uk
Caroline Lucas,Green Party,FALSE,"Green MP for Brighton Pavilion, former leader and co-leader of 
 @TheGreenParty
 , Mum"
Caroline Dinenage,Conservative,FALSE,"Gosport MP, mum, wife, Minister of State DCMS. RT ≠ endorsement. Email caroline.dinenage.mp@parliament.uk with casework/enquiries"
Caroline Ansell,Conservative,TRUE,Conservative Member of Parliament for Eastbourne & Willingdon
Carol Monaghan,Scottish National Party,FALSE,MP for Glasgow North West. For constituent enquiries please email carol.monaghan.mp@parliament.uk
Carla Lockhart,Democratic Unionist Party,FALSE,"@DUPonline
  Member of Parliament for Upper Bann #deliveringforyou contact:- carla.lockhart.mp@parliament.uk or my office 02838 310088"
Bridget Phillipson,Labour,TRUE,Labour MP for Houghton & Sunderland South. Shadow Chief Secretary to the Treasury. Constituents please get in touch here: http://bridgetphillipson.com/contact
Brendan O'Hara,Scottish National Party,FALSE,Member of Parliament for Argyll & Bute.
Brendan Clarke-Smith,Conservative,TRUE,"@Conservatives
  MP for Bassetlaw 
  Twitter for information only. Please send all casework and contact requests to brendan.clarkesmith.mp@parliament.uk"
Brandon Lewis,Conservative,FALSE,Secretary of State for Northern Ireland & Member of Parliament for Great Yarmouth | IG: http://instagram.com/BrandonLewis
Boris Johnson,Conservative,TRUE,"Prime Minister of the United Kingdom and 
 @Conservatives
  leader. Member of Parliament for Uxbridge and South Ruislip."
Bob Seely,Conservative,FALSE,Member of Parliament for the Isle of Wight. Constituents can email me on bob.seely.mp@parliament.uk or call 01983 220220 with any issues of local concern.
Bob Blackman,Conservative,TRUE,Conservative MP for Harrow East. Avid Spurs fan.
Bim Afolami,Conservative,TRUE,Father to three boys. Husband to Hetti. MP for #Hitchin & #Harpenden. One Nation Tory. For my ideas on economic renewal see http://unlockbritain.com.
Bill Esterson,Labour,TRUE,Labour MP for Sefton Central bill.esterson.mp@parliament.uk
Beth Winter,Labour,TRUE,I am the Labour MP for my home constituency Cynon Valley
Bernard Jenkin,Conservative,FALSE,"Chair of 
 @CommonsLiaison
  Ctee and MP for Harwich & North Essex. RTs not endorsements. I do not respond to Twitter messages. Please contact me via my website."
Ben Wallace,Conservative,FALSE,UK Secretary of State for Defence & MP for Wyre and Preston North.
Ben Spencer,Conservative,FALSE,Member of Parliament for Runnymede and Weybridge. Twitter used for broadcast only. For constituency issues please email me at ben.spencer.mp@parliament.uk
Ben Lake,Plaid Cymru,FALSE,Aelod Seneddol Ceredigion | Member of Parliament for Ceredigion | ben.lake.mp@parliament.uk
Ben Everitt,Conservative,FALSE,"MP for MK North. Semi pro dad dancer. Used to play hooker & drive tractors
 

 #StayAlert 
 

 Casework & constituency issues to ben.everitt.mp@parliament.uk"
Ben Bradshaw,Labour,TRUE,Labour MP for Exeter.
Ben Bradley,Conservative,FALSE,"Member of Parliament for Mansfield. The first blue brick in the red wall 
 

 

 Cannot take casework via Twitter, please email ben.bradley.mp@parliament.uk"
Bell Ribeiro-Addy,Labour,TRUE,"Socialist. Feminist. Anti-Racist. Trade unionist. She/her.
 

 @UKLabour
  MP Streatham
 

 Co-Chair Socialist Campaign Group of MPs
 

 For casework: http://bellribeiroaddy.com"
Barry Sheerman,Labour,TRUE,"Labour and Co-operative MP for Huddersfield
 

 Social enterpriser and campaigner
 

 Please email me at barry.sheerman.mp@parliament.uk for all enquiries."
Barry Gardiner,Labour,FALSE,Proud to be elected to serve my community for the 7th time as the MP for Brent North.
Barbara Keeley,Labour,TRUE,Labour MP for Worsley & Eccles South
Bambos Charalambous,Labour,FALSE,"Member of Parliament for Enfield Southgate
 Shadow Home Office Minister"
Apsana Begum,Labour,TRUE,"Labour MP for Poplar & Limehouse | Education Committee | For casework and enquiries, please email at apsana.begum.mp@parliament.uk | she/her"
Antony Higginbotham,Conservative,FALSE,"Member of Parliament for Burnley. 
 

 For any constituency casework / issues needing my help please email antony.higginbotham.mp@parliament.uk."
Anthony Mangnall,Conservative,TRUE,"Conservative Member of Parliament for Totnes and South Devon, please email anthony.mangnall.mp@parliament.uk for any casework related enquiries"
Anthony Browne,Conservative,TRUE,"Conservative MP for South Cambridgeshire. If you are a constituent who wants to get in touch, then please email anthony.browne.mp@parliament.uk"
Anneliese Dodds,Labour,TRUE,Shadow Chancellor. Labour and Cooperative MP for Oxford East. Rose Hill resident. Mum to two little gremlins. Curry fan. Views my own.
Anne-Marie Trevelyan,Conservative,FALSE,Believer in people power to effect change in all our communities. MP for Berwick-upon-Tweed. UK’s international champion on adaptation & resilience for COP26.
Anne McLaughlin,Scottish National Party,FALSE,Member of Parliament for Glasgow NE. Constituents needing help email anne.mclaughlin.mp@parliament.uk in case we don't spot tweets. And stay home. Please.
Anne Marie Morris,Conservative,TRUE,"Conservative MP for Newton Abbot. I do not respond to casework over social media, please contact: annemarie@annemariemorris.co.uk"
Anna McMorrin,Labour,TRUE,"Labour MP for Cardiff North | Shadow Minister for International Development | Climate Justice 
  Any queries contact: anna.mcmorrin.mp@parliament.uk"
Angus MacNeil,Scottish National Party,FALSE,"Heb Islander, Crofter, Na h-Eileanan an Iar MP, Chair of Int'nat Trade Comm - Gaidhlig & Beurla og smá Islensku & Irish -RTs not endorse #UpTheDeise
 󠁧󠁢󠁳󠁣󠁴"
Angela Richardson,Conservative,TRUE,"Conservative MP for Guildford, Cranleigh and our villages. For constituency casework and policy responses please email angela.richardson.mp@parliament.uk"
Angela Rayner,Labour,TRUE,Proud Labour MP for Ashton under Lyne. Chair & Deputy Leader of the UK Labour Party. Shadow first Secretary of State. angela.rayner.mp@parliament.uk
Angela Eagle,Labour,TRUE,Labour MP for Wallasey. Author ‘The New Serfdom - the triumph of conservative ideas and how to defeat them’
Andy Slaughter,Labour,TRUE,Labour MP for Hammersmith | For all casework enquiries please email andy@andyslaughter.com
Andy McDonald,Labour,TRUE,Labour MP for Middlesbrough. Shadow Secretary of State for Employment Rights and Protections.
Andy Carter,Conservative,TRUE,"Conservative Member of Parliament for Warrington South, Husband, Dad, positive politics - casework via email please: andy.carter.mp@parliament.uk"
Andrew Stephenson,Conservative,FALSE,"MP for Pendle. Live in Colne, offices in Nelson & Barnoldswick. 
 @transportgovuk
  Minister (HS2, NPR & TRU). For response email andrew.stephenson.mp@parliament.uk"
Andrew Selous,Conservative,FALSE,"Member of Parliament for South West Bedfordshire including Dunstable, Leighton Buzzard, Houghton Regis."
Andrew Rosindell,Conservative,TRUE,Conservative Member of Parliament for Romford. Please e-mail me at: andrew@rosindell.com
Andrew Lewer,Conservative,FALSE,I do not reply to twitter messages. Please email me at andrew.lewer.mp@parliament.uk with your address
Andrew Jones,Conservative,FALSE,"This account is for re-tweets only. 
 MP for Harrogate and Knaresborough.
 To contact me please email andrew.jones.mp@parliament.uk."
Andrew Gwynne,Labour,TRUE,"Labour MP for Denton & Reddish (inc Audenshaw, Dukinfield, Heaton Chapel and Heaton Norris). Backbencher and Grandad GwynneA@parliament.uk / 0161 320 1504"
Andrew Griffith,Conservative,TRUE,Conservative Member of Parliament for Arundel & South Downs. Previously No10 Business adviser. Contact me at Andrew@GriffithMP.com with your address - no DMs.
Andrew Bridgen,Conservative,TRUE,Conservative Member of Parliament for North West Leicestershire. Any policy queries please send to andrew@andrewbridgen.com
Andrew Bowie,Conservative,TRUE,Member of Parliament for West Aberdeenshire and Kincardine & Vice Chair of the Conservative Party. Email me at Andrew.bowie.mp@parliament.uk
Andrea Leadsom,Conservative,FALSE,"Member of Parliament for South Northamptonshire. If you are a constituent, please email - Andrea.leadsom.mp@parliament.uk."
Andrea Jenkyns,Conservative,FALSE,"Proud Mum, Love our country
  & Dog Lover.
 MP for #Morley & #Outwood.
 For my help please email Andrea.jenkyns.mp@parliament.uk"
Amy Callaghan,Scottish National Party,TRUE,"| MP for East Dunbartonshire | 
 @theSNP
  Spokesperson for pensions and intergenerational fairness| proud dog Mum to Alfie"
Amanda Solloway,Conservative,FALSE,"Minister for Science, Research and Innovation - MP for Derby North - For all enquiries please contact Amanda.Solloway.MP@Parliament.uk"
Amanda Milling,Conservative,TRUE,"Chairman of the 
 @Conservatives
  & MP for Cannock Chase. If you’re a constituent, please email amanda.milling.mp@parliament.uk"
Alyn Smith,Scottish National Party,TRUE,"Scottish European. MP for Stirling, Foreign Affairs Spokesperson, 
 @theSNP
  Policy Development Convener, 
 @ScotNational
  columnist. Alyn.Smith.MP@parliament.uk"
Alun Cairns,Conservative,FALSE,Member of Parliament for the Vale of Glamorgan. RTs not necessarily my view. Please send enquires to Alun.Cairns.mp@parliament.uk
Alok Sharma,Conservative,FALSE,"MP for Reading West. Secretary of State for Business, Energy & Industrial Strategy. President of 
 @COP26"
Alistair Carmichael,Liberal Democrat,TRUE,"MP for Orkney and Shetland, Liberal Democrat Spokesperson on Home Affairs, Northern Ireland and Constitutional Reform"
Alison Thewliss,Scottish National Party,TRUE,"MP for Glasgow Central, SNP Shadow Chancellor. 
 

 RTs not necessarily endorsements! Professional level curtseying, apparently. 
 

 alison.thewliss.mp@parliament.uk"
Alison McGovern,Labour,TRUE,"Labour MP for Wirral South 
  Shadow Minister for Sport. Progressive. 
 alison@alisonmcgovern.org.uk / Due to filters, please email on constituency matters"
Alicia Kearns,Conservative,FALSE,Member of the Foreign Affairs Committee & National Security Strategy Committee. #ButNotMaternity #EndConversionTherapy. Constituents please email me for support
Alexander Stafford,Conservative,FALSE,"Member of Parliament for Rother Valley. BEIS Select Committee. Former 
 @WWF_UK
  & 
 @Shell
 . For constituency issues please email alexander.stafford.mp@parliament.uk"
Alex Sobel,Labour,FALSE,Lab & Coop MP for Leeds NW | alex@alexsobel.co.uk | Shadow Minister for Tourism & Heritage | Husband | Father | Jew
Alex Norris,Labour,TRUE,"Labour & Co-op MP for Nottingham North | Shadow Public Health Minister 
 @LabourHealth"
Alex Davies-Jones,Labour,TRUE,"The first female 
 @WelshLabour
  #MP for #Pontypridd & covering parts of #RCT too! Get in touch: alex.daviesjones.mp@parliament.uk 
  (she/her)"
Alex Cunningham,Labour,TRUE,"Labour MP for Stockton North & Shadow Justice Minister. 
 Please do not DM me with enquiries - email me at alex.cunningham.mp@parliament.uk"
Alex Chalk,Conservative,FALSE,MP for Cheltenham. MOJ minister. Pls contact via alex.chalk.mp@parliament.uk. Thanks!
Alex Burghart,Conservative,TRUE,Conservative MP for Brentwood & Ongar - if you live locally and need a reply please email me at alex.burghart.mp@parliament.uk
Alec Shelbrooke,Conservative,TRUE,"Conservative Member of Parliament for Elmet & Rothwell. UK Head of Delegation to 
 @NATO
  Assembly. Privy Counsellor."
Alberto Costa,Conservative,TRUE,Conservative Member of Parliament for South Leicestershire.
Alan Mak,Conservative,TRUE,"Havant Constituency MP | 
 @Conservatives
  Vice Chairman | 
 @4IR_APPG
  Chairman | 
 @BlossomAwards
  Co-Founder | No replies via Twitter. Use: http://alanmak.org.uk/contact"
Alan Campbell,Labour,FALSE,Member of Parliament for Tynemouth and Opposition Deputy Chief Whip.
Alan Brown,Scottish National Party,TRUE,"MP for Kilmarnock and Loudoun
 Killie through and through
 

 @theSNP"
Afzal Khan,Labour,TRUE,"@UKLabour
  MP for Manchester Gorton. Shadow Deputy Leader of the House of Commons. Contact me: afzal.khan.mp@parliament.uk Retweets not endorsements."
Adam Afriyie,Conservative,FALSE,MP for Windsor since 2005. Prime Minister's Trade Envoy to Ghana. Constituents please contact me at parliament. No casework/correspondence is done on twitter.
Abena Oppong-Asare,Labour,TRUE,"@UKLabour
 ’s Member of Parliament for 
 @E_TLabour
  | For help with casework, please email: abena.oppongasare.mp@parliament.uk | Chair of 
 @LabourWomensNet"
Aaron Bell,Conservative,FALSE,"Member of Parliament for #NewcastleUnderLyme. Member of 
 @CommonsSTC
 .
 

 I cannot handle casework on Twitter: please email aaron.bell.mp@parliament.uk"