"Name","Screen name","Party","Constituency","Followers","New followers in last 24 hours"
"Zarah Sultana","@zarahsultana","Labour","Coventry South",94190,33
"Yvonne Fovargue ","@Y_FovargueMP","Labour","Makerfield",12629,-3
"Yvette Cooper ","@YvetteCooperMP","Labour","Normanton, Pontefract and Castleford",300484,65
"Yasmin Qureshi ","@YasminQureshiMP","Labour","Bolton South East",21463,5
"William Wragg ","@William_Wragg","Conservative","Hazel Grove",12770,-3
"William Cash ","@BillCashMP","Conservative","Stone",19550,-8
"Will Quince ","@willquince","Conservative","Colchester",16067,7
"Wes Streeting ","@wesstreeting","Labour","Ilford North",68128,40
"Wera Hobhouse","@Wera_Hobhouse","Liberal Democrat","Bath",20025,4
"Wendy Morton ","@morton_wendy","Conservative","Aldridge-Brownhills",12438,16
"Wendy Chamberlain","@wendychambLD","Liberal Democrat","North East Fife",4979,0
"Wayne David ","@WayneDavid_MP","Labour","Caerphilly",13556,0
"Virendra Sharma ","@VirendraSharma","Labour","Ealing, Southall",18923,1
"Victoria Prentis ","@VictoriaPrentis","Conservative","Banbury",11339,6
"Vicky Foxcroft ","@vickyfoxcroft","Labour","Lewisham, Deptford",18895,11
"Vicky Ford","@vickyford","Conservative","Chelmsford",18492,8
"Valerie Vaz ","@Valerie_VazMP","Labour","Walsall South",6407,5
"Tulip Siddiq ","@TulipSiddiq","Labour","Hampstead and Kilburn",151753,34
"Tracy Brabin ","@TracyBrabin","Labour","Batley and Spen",52863,7
"Tracey Crouch ","@tracey_crouch","Conservative","Chatham and Aylesford",35480,108
"Tony Lloyd","@tony4rochdale","Labour","Rochdale",8849,-5
"Tonia Antoniazzi","@ToniaAntoniazzi","Labour","Gower",13803,-3
"Tommy Sheppard ","@TommySheppard","Scottish National Party","Edinburgh East",34651,4
"Tom Tugendhat ","@TomTugendhat","Conservative","Tonbridge and Malling",54036,49
"Tom Randall","@Tom_Randall","Conservative","Gedling",3088,8
"Tom Pursglove ","@VotePursglove","Conservative","Corby",12648,-1
"Tom Hunt","@tomhunt1988","Conservative","Ipswich",8426,3
"Toby Perkins ","@tobyperkinsmp","Labour","Chesterfield",26361,-6
"Tobias Ellwood","@Tobias_Ellwood","Conservative","Bournemouth East",58144,-6
"Tim Loughton ","@timloughton","Conservative","East Worthing and Shoreham",19456,-3
"Tim Farron","@timfarron","Liberal Democrat","Westmorland and Lonsdale",285564,-29
"Theresa May ","@theresa_may","Conservative","Maidenhead",993027,367
"Theo Clarke","@theodoraclarke","Conservative","Stafford",6899,2
"Thangam Debbonaire ","@ThangamMP","Labour","Bristol West",26921,-1
"Tanmanjit Singh Dhesi","@TanDhesi","Labour","Slough",64320,112
"Taiwo Owatemi","@TaiwoOwatemi","Labour","Coventry North West",16516,-6
"Tahir Ali","@TahirAliMP","Labour","Birmingham, Hall Green",2392,-1
"Suzanne Webb","@Q66Suzi","Conservative","Stourbridge",3567,6
"Suella Fernandes ","@SuellaBraverman","Conservative","Fareham",29689,2
"Stuart Paul Anderson","@Stuart4WolvesSW","Conservative","Wolverhampton South West",5670,10
"Stuart C. McDonald ","@Stuart_McDonald","Scottish National Party","Cumbernauld, Kilsyth and Kirkintilloch East",12595,-1
"Stuart Andrew","@StuartAndrew","Conservative","Pudsey",18984,5
"Stewart Malcolm McDonald ","@StewartMcDonald","Scottish National Party","Glasgow South",32807,-1
"Stewart Hosie ","@StewartHosieSNP","Scottish National Party","Dundee East",28210,4
"Steven Bonnar","@StevenBonnarSNP","Scottish National Party","Coatbridge, Chryston and Bellshill",3128,4
"Steven Baker ","@SteveBakerHW","Conservative","Wycombe",98174,161
"Steve Reed ","@SteveReedMP","Labour","Croydon North",33452,9
"Steve McCabe ","@steve_mccabe","Labour","Birmingham, Selly Oak",17850,-4
"Steve Double ","@stevedouble","Conservative","St Austell and Newquay",14434,8
"Steve Brine","@BrineMP","Conservative","Winchester",10554,-5
"Stephen Timms ","@stephenctimms","Labour","East Ham",16949,-1
"Stephen Morgan","@StephenMorganMP","Labour","Portsmouth South",12053,-1
"Stephen Metcalfe ","@Metcalfe_SBET","Conservative","South Basildon and East Thurrock",6716,3
"Stephen McPartland ","@SMcPartland","Conservative","Stevenage",9981,6
"Stephen Kinnock ","@SKinnock","Labour","Aberavon",33883,-9
"Stephen Hammond","@S_Hammond","Conservative","Wimbledon",19346,0
"Stephen Flynn","@StephenFlynnSNP","Scottish National Party","Aberdeen South",4561,2
"Stephen Farry","@StephenFarryMP","Alliance Party of Northern Ireland","North Down",11261,-6
"Stephen Doughty ","@SDoughtyMP","Labour","Cardiff South and Penarth",33243,2
"Stephen Crabb ","@SCrabbPembs","Conservative","Preseli Pembrokeshire",22907,2
"Stephen Barclay ","@SteveBarclay","Conservative","North East Cambridgeshire",32193,3
"Stephanie Peacock","@Steph_Peacock","Labour","Barnsley East",9238,-1
"Stella Creasy ","@stellacreasy","Labour","Walthamstow",142062,-13
"Siobhan Baillie","@Siobhan_Baillie","Conservative","Stroud",9467,4
"Siobhain McDonagh","@Siobhain_Mc","Labour","Mitcham and Morden",19700,2
"Simon Jupp","@simonjamesjupp","Conservative","East Devon",5399,-2
"Simon Hoare ","@Simon4NDorset","Conservative","North Dorset",15360,3
"Simon Hart ","@Simonhartmp","Conservative","Carmarthen West and South Pembrokeshire",9224,-1
"Simon Fell","@simonfell","Conservative","Barrow and Furness",3440,-1
"Simon Clarke","@SimonClarkeMP","Conservative","Middlesbrough South and East Cleveland",16134,7
"Simon Baynes","@baynes_simon","Conservative","Clwyd South",3863,-1
"Sheryll Murray ","@sheryllmurray","Conservative","South East Cornwall",18107,-2
"Shaun Bailey","@Shaun4WBW","Conservative","West Bromwich West",3057,0
"Sharon Hodgson ","@SharonHodgsonMP","Labour","Washington and Sunderland West",34234,-7
"Shailesh Vara","@ShaileshVara","Conservative","North West Cambridgeshire",4239,1
"Shabana Mahmood ","@ShabanaMahmood","Labour","Birmingham, Ladywood",21722,0
"Selaine Saxby","@SelaineSaxby","Conservative","North Devon",3554,3
"Seema Malhotra ","@SeemaMalhotra1","Labour","Feltham and Heston",24460,-2
"Scott Mann ","@scottmann4NC","Conservative","North Cornwall",8274,9
"Scott Lloyd Benton","@ScottBentonMP","Conservative","Blackpool South",3887,6
"Sarah Owen","@SarahOwen_","Labour","Luton North",14982,-1
"Sarah Olney","@sarahjolney1","Liberal Democrat","Richmond Park",15391,8
"Sarah Jones","@LabourSJ","Labour","Croydon Central",18734,1
"Sarah Dines","@Dines4Dales","Conservative","Derbyshire Dales",1072,0
"Sarah Champion ","@SarahChampionMP","Labour","Rotherham",47250,-13
"Sarah Atherton","@AthertonNWales","Conservative","Wrexham",6185,3
"Sara Britcliffe","@SarBritcliffeMP","Conservative","Hyndburn",3907,8
"Saqib Bhatti","@bhatti_saqib","Conservative","Meriden",6762,0
"Sammy Wilson ","@eastantrimmp","Democratic Unionist Party","East Antrim",19094,8
"Sam Tarry","@SamTarry","Labour","Ilford South",20401,-1
"Sally-Ann Hart","@SallyAnn1066","Conservative","Hastings and Rye",2606,7
"Sajid Javid ","@sajidjavid","Conservative","Bromsgrove",210802,67
"Ruth Jones","@RuthNewportWest","Labour","Newport West",5464,3
"Ruth Edwards","@RuthEdwardsMP","Conservative","Rushcliffe",3583,3
"Ruth Cadbury ","@RuthCadbury","Labour","Brentford and Isleworth",21875,-10
"Rushanara Ali ","@rushanaraali","Labour","Bethnal Green and Bow",42065,7
"Royston Smith ","@Royston_Smith","Conservative","Southampton, Itchen",6857,-4
"Rosie Duffield","@RosieDuffield1","Labour","Canterbury",32530,3
"Rosie Cooper ","@rosie4westlancs","Labour","West Lancashire",12858,-1
"Ronnie Cowan ","@ronniecowan","Scottish National Party","Inverclyde",12804,6
"Roger Gale","@SirRogerGale","Conservative","North Thanet",5268,3
"Robin Walker ","@WalkerWorcester","Conservative","Worcester",14259,2
"Robin John Millar","@RobinMillarMP","Conservative","Aberconwy",2662,0
"Robert Syms ","@RobertSyms","Conservative","Poole",10271,1
"Robert Neill ","@neill_bob","Conservative","Bromley and Chislehurst",16602,4
"Robert Largan","@robertlargan","Conservative","High Peak",5538,6
"Robert Jenrick ","@RobertJenrick","Conservative","Newark",46570,41
"Robert Halfon ","@halfon4harlowMP","Conservative","Harlow",33826,6
"Robert Courts ","@robertcourts","Conservative","Witney",8651,5
"Robert Buckland ","@RobertBuckland","Conservative","South Swindon",27343,-9
"Robbie Moore","@_RobbieMoore","Conservative","Keighley",3759,6
"Rob Roberts","@RobDelyn","Conservative","Delyn",5671,5
"Rob Butler","@AylesburyTories","Conservative","Aylesbury",1041,1
"Rishi Sunak","@RishiSunak","Conservative","Richmond (Yorks)",428827,582
"Richard Holden","@RicHolden","Conservative","North West Durham",7426,2
"Richard Graham ","@RichardGrahamUK","Conservative","Gloucester",12081,-8
"Richard Gordon Thomson","@RThomsonMP","Scottish National Party","Gordon",2550,5
"Richard Burgon ","@RichardBurgon","Labour","Leeds East",118380,31
"Richard Bacon","@richardbaconmp","Conservative","South Norfolk",1363,-2
"Rehman Chishti ","@Rehman_Chishti","Conservative","Gillingham and Rainham",18862,-1
"Rebecca Pow ","@pow_rebecca","Conservative","Taunton Deane",12671,11
"Rebecca Long-Bailey","@RLong_Bailey","Labour","Salford and Eccles",178886,31
"Rebecca Harris ","@RebeccaHarrisMP","Conservative","Castle Point",6492,1
"Ranil Jayawardena ","@TeamRanil","Conservative","North East Hampshire",1980,5
"Rachel Reeves ","@RachelReevesMP","Labour","Leeds West",95937,101
"Rachel Maclean","@redditchrachel","Conservative","Redditch",10105,6
"Rachel Hopkins","@rach_hopkins","Labour","Luton South",6541,-3
"Rachael Maskell ","@RachaelMaskell","Labour","York Central",27593,-11
"Priti Patel ","@pritipatel","Conservative","Witham",291754,131
"Preet Gill","@PreetKGillMP","Labour","Birmingham, Edgbaston",25936,7
"Philip Dunne","@Dunne4Ludlow","Conservative","Ludlow",10971,8
"Philip Davies ","@PhilipDaviesUK","Conservative","Shipley",20967,2
"Peter Kyle ","@peterkyle","Labour","Hove",38118,-11
"Peter Grant ","@PeterGrantMP","Scottish National Party","Glenrothes",16739,5
"Peter Gibson","@Gibbo4Darlo","Conservative","Darlington",1964,16
"Peter Dowd ","@Peter_Dowd","Labour","Bootle",14519,-3
"Peter Bone ","@PeterBoneUK","Conservative","Wellingborough",37999,5
"Peter Aldous ","@peter_aldous","Conservative","Waveney",10559,-1
"Pete Wishart ","@PeteWishart","Scottish National Party","Perth and North Perthshire",48987,2
"Penny Mordaunt ","@PennyMordaunt","Conservative","Portsmouth North",72688,-23
"Pauline Latham ","@Pauline_Latham","Conservative","Mid Derbyshire",18934,6
"Paula Barker","@PaulaBarkerMP","Labour","Liverpool, Wavertree",12396,-11
"Paul Scully ","@scullyp","Conservative","Sutton and Cheam",13494,4
"Paul Maynard ","@PaulMaynardUK","Conservative","Blackpool North and Cleveleys",18903,23
"Paul Maskey ","@PaulMaskeyMP","Sinn Féin","Belfast West",18025,-2
"Paul Howell","@PaulHowellMP","Conservative","Sedgefield",2050,5
"Paul Holmes","@pauljholmes","Conservative","Eastleigh",6297,1
"Paul Girvan","@PaulGirvanMP","Democratic Unionist Party","South Antrim",6051,0
"Paul Bristow","@paulbristow79","Conservative","Peterborough",8215,0
"Paul Blomfield ","@PaulBlomfieldMP","Labour","Sheffield Central",21115,-1
"Patrick Grady ","@GradySNP","Scottish National Party","Glasgow North",16520,3
"Patricia Gibson ","@PGibsonSNP","Scottish National Party","North Ayrshire and Arran",13027,0
"Pat McFadden ","@patmcfaddenmp","Labour","Wolverhampton South East",24239,-2
"Owen Thompson ","@OwenThompson","Scottish National Party","Midlothian",7033,-3
"Owen Paterson ","@OwenPaterson","Conservative","North Shropshire",46688,8
"Órfhlaith Begley","@OrfhlaithBegley","Sinn Féin","West Tyrone",7433,-7
"Olivia Frances Blake","@_OliviaBlake","Labour","Sheffield, Hallam",12389,1
"Oliver Heald QC ","@OliverHealdUK","Conservative","North East Hertfordshire",11387,5
"Oliver Dowden","@OliverDowden","Conservative","Hertsmere",27245,26
"Nusrat Ghani ","@Nus_Ghani","Conservative","Wealden",20235,2
"Nigel Mills ","@nigelmills","Conservative","Amber Valley",4769,1
"Nigel Huddleston ","@HuddlestonNigel","Conservative","Mid Worcestershire",14996,1
"Nigel Evans","@nigelmp","Conservative","Ribble Valley",13926,-4
"Nigel Adams","@nadams","Conservative","Selby and Ainsty",9592,14
"Nicola Faye Richards","@Nicola4WBE","Conservative","West Bromwich East",6646,5
"Nickie Aiken","@twocitiesnickie","Conservative","Cities of London and Westminster",1950,0
"Nick Thomas-Symonds ","@NickTorfaen","Labour","Torfaen",27632,3
"Nick Smith ","@BlaenauGwentMP","Labour","Blaenau Gwent",9559,-4
"Nick Gibb","@NickGibbUK","Conservative","Bognor Regis and Littlehampton",17539,12
"Nicholas Fletcher","@NickFletcherMP","Conservative","Don Valley",2132,0
"Nia Griffith ","@NiaGriffithMP","Labour","Llanelli",17474,0
"Neil Parish ","@neil_parish","Conservative","Tiverton and Honiton",6070,3
"Neil O'Brien","@NeilDotObrien","Conservative","Harborough",15862,116
"Neil Hudson","@DrNeilHudson","Conservative","Penrith and The Border",2862,0
"Neil Gray ","@neilgraysnp","Scottish National Party","Airdrie and Shotts",14385,0
"Neil Coyle ","@coyleneil","Labour","Bermondsey and Old Southwark",25342,-4
"Neale Hanvey","@JNHanvey","Scottish National Party","Kirkcaldy and Cowdenbeath",4344,4
"Naz Shah ","@NazShahBfd","Labour","Bradford West",44515,-4
"Nav Mishra","@NavPMishra","Labour","Stockport",9927,-3
"Natalie Elphicke","@NatalieElphicke","Conservative","Dover",5528,3
"Nadine Dorries ","@NadineDorries","Conservative","Mid Bedfordshire",98788,3
"Nadia Whittome","@NadiaWhittomeMP","Labour","Nottingham East",60004,-32
"Nadhim Zahawi ","@nadhimzahawi","Conservative","Stratford-on-Avon",32325,6
"Munira Wilson","@munirawilson","Liberal Democrat","Twickenham",11190,7
"Mohammad Yasin","@YasinForBedford","Labour","Bedford",2290,-1
"Mims Davies ","@mimsdavies","Conservative","Mid Sussex",15569,1
"Mike Wood ","@mikejwood","Conservative","Dudley South",6175,2
"Mike Kane ","@MikeKaneMP","Labour","Wythenshawe and Sale East",11024,6
"Mike Hill","@MikeHillMP","Labour","Hartlepool",2970,0
"Mike Amesbury","@MikeAmesburyMP","Labour","Weaver Vale",9772,13
"Mickey Brady ","@MickeyBradySF","Sinn Féin","Newry and Armagh",4968,-1
"Mick Whitley","@MickWhitleyMP","Labour","Birkenhead",9900,-8
"Michelle Gildernew","@gildernewm","Sinn Féin","Fermanagh and South Tyrone",19404,-7
"Michelle Donelan ","@michelledonelan","Conservative","Chippenham",15774,8
"Michael Tomlinson ","@Michael4MDNP","Conservative","Mid Dorset and North Poole",9998,1
"Michael Gove ","@michaelgove","Conservative","Surrey Heath",206743,152
"Michael Fabricant ","@Mike_Fabricant","Conservative","Lichfield",39056,8
"Michael Ellis ","@Michael_Ellis1","Conservative","Northampton North",12932,7
"Mhairi Black ","@MhairiBlack","Scottish National Party","Paisley and Renfrewshire South",190857,15
"Mel Stride","@MelJStride","Conservative","Central Devon",5750,-4
"Meg Hillier ","@Meg_HillierMP","Labour","Hackney South and Shoreditch",19583,2
"Matthew Pennycook ","@mtpennycook","Labour","Greenwich and Woolwich",20663,-1
"Matthew Offord","@Offord4Hendon","Conservative","Hendon",9433,-3
"Matthew Hancock ","@MattHancock","Conservative","West Suffolk",360851,786
"Matt Western","@MattWestern_","Labour","Warwick and Leamington",7664,10
"Matt Warman ","@mattwarman","Conservative","Boston and Skegness",19269,0
"Matt Rodda","@MattRodda","Labour","Reading East",6078,0
"Mary Robinson ","@MaryRobinson01","Conservative","Cheadle",8883,6
"Mary Glindon","@GlindonMary","Labour","North Tyneside",528,3
"Mary Foy","@marykfoy","Labour","City of Durham",10935,-8
"Martyn Day ","@MartynDaySNP","Scottish National Party","Linlithgow and East Falkirk",10621,-2
"Martin Vickers ","@MartinVickers","Conservative","Cleethorpes",12157,1
"Martin Docherty-Hughes","@MartinJDocherty","Scottish National Party","West Dunbartonshire",13382,0
"Marsha de Cordova","@MarshadeCordova","Labour","Battersea",37127,-2
"Mark Tami ","@MarkTamiMP","Labour","Alyn and Deeside",8852,-3
"Mark Spencer ","@Mark_Spencer","Conservative","Sherwood",16489,3
"Mark Pritchard ","@MPritchardUK","Conservative","The Wrekin",10377,1
"Mark Pawsey ","@MarkPawsey","Conservative","Rugby",7047,1
"Mark Jenkinson","@markjenkinsonmp","Conservative","Workington",3814,3
"Mark Hendrick","@MpHendrick","Labour","Preston",4851,-1
"Mark Harper ","@Mark_J_Harper","Conservative","Forest of Dean",18422,3
"Mark Garnier ","@Mark4WyreForest","Conservative","Wyre Forest",15571,6
"Mark Eastwood","@mark4dewsbury","Conservative","Dewsbury",4166,0
"Marion Fellows ","@marionfellows","Scottish National Party","Motherwell and Wishaw",11636,-3
"Marie Rimmer ","@MarieRimmer","Labour","St Helens South and Whiston",12574,2
"Maria Miller ","@MariaMillerUK","Conservative","Basingstoke",20949,-3
"Maria Eagle ","@meaglemp","Labour","Garston and Halewood",48054,0
"Maria Caulfield ","@mariacaulfield","Conservative","Lewes",21311,9
"Margaret Hodge ","@margarethodge","Labour","Barking",46916,-2
"Margaret Greenwood ","@MGreenwoodWW","Labour","Wirral West",21322,-3
"Margaret Ferrier ","@MargaretFerrier","Independent","Rutherglen and Hamilton West",16983,3
"Marcus Jones ","@Marcus4Nuneaton","Conservative","Nuneaton",9307,5
"Marcus Fysh ","@MarcusFysh","Conservative","Yeovil",16032,3
"Marco Longhi","@marcolonghi4dn","Conservative","Dudley North",3044,4
"Maggie Throup ","@maggie_erewash","Conservative","Erewash",1120,3
"Lyn Brown ","@lynbrownmp","Labour","West Ham",12804,9
"Luke Pollard","@LukePollard","Labour","Plymouth, Sutton and Devonport",29723,-5
"Luke Hall ","@LukeHall","Conservative","Thornbury and Yate",4570,5
"Luke Evans","@drlukeevans","Conservative","Bosworth",7961,-3
"Lucy Powell ","@LucyMPowell","Labour","Manchester Central",56448,-4
"Lucy Frazer ","@lucyfrazermp","Conservative","South East Cambridgeshire",8077,9
"Lucy Allan ","@lucyallan","Conservative","Telford",28876,3
"Louise Haigh ","@LouHaigh","Labour","Sheffield, Heeley",44796,-6
"Lloyd Russell-Moyle","@lloyd_rm","Labour","Brighton, Kemptown",30089,-10
"Liz Twist","@LizTwistMP","Labour","Blaydon",3735,1
"Liz Saville Roberts ","@LSRPlaid","Plaid Cymru","Dwyfor Meirionnydd",15840,0
"Liz Kendall ","@leicesterliz","Labour","Leicester West",94184,-1
"Lisa Nandy ","@lisanandy","Labour","Wigan",201426,146
"Lisa Cameron","@DrLisaCameronMP","Scottish National Party","East Kilbride, Strathaven and Lesmahagow",13515,-1
"Lindsay Hoyle","@LindsayHoyle_MP","Speaker","Chorley",36806,4
"Lilian Greenwood ","@LilianGreenwood","Labour","Nottingham South",28637,12
"Liam Byrne ","@liambyrnemp","Labour","Birmingham, Hodge Hill",36059,-2
"Lia Nici","@lia_nici","Conservative","Great Grimsby",2421,26
"Leo Docherty","@LeoDochertyUK","Conservative","Aldershot",5323,1
"Lee Benjamin Rowley","@Lee4NED","Conservative","North East Derbyshire",9880,3
"Lee Anderson","@ashfield_lee","Conservative","Ashfield",3810,3
"Layla Moran","@LaylaMoran","Liberal Democrat","Oxford West and Abingdon",64028,-5
"Laurence Robertson ","@lrobertsonTewks","Conservative","Tewkesbury",3809,2
"Laura Farris","@Laura__Farris","Conservative","Newbury",5749,5
"Kwasi Kwarteng ","@KwasiKwarteng","Conservative","Spelthorne",12878,2
"Kit Malthouse ","@kitmalthouse","Conservative","North West Hampshire",16386,10
"Kirsty Blackman ","@KirstySNP","Scottish National Party","Aberdeen North",23955,-7
"Kirsten Oswald ","@kirstenoswald","Scottish National Party","East Renfrewshire",14872,0
"Kim Johnson","@KimJohnsonMP","Labour","Liverpool, Riverside",12045,-6
"Kieran John Mullan","@KieranMullanUK","Conservative","Crewe and Nantwich",3612,1
"Khalid Mahmood","@khalid4PB","Labour","Birmingham, Perry Barr",5429,5
"Kevin Hollinrake ","@kevinhollinrake","Conservative","Thirsk and Malton",11308,4
"Kevin Foster ","@kevin_j_foster","Conservative","Torbay",7340,1
"Kevin Brennan ","@KevinBrennanMP","Labour","Cardiff West",24216,-3
"Kevan Jones ","@KevanJonesMP","Labour","North Durham",21262,0
"Kerry McCarthy ","@KerryMP","Labour","Bristol East",32239,1
"Kenny MacAskill","@KennyMacAskill","Scottish National Party","East Lothian",18862,-3
"Kemi Badenoch","@KemiBadenoch","Conservative","Saffron Walden",38001,-10
"Kelly Tolhurst ","@KellyTolhurst","Conservative","Rochester and Strood",14591,7
"Keir Starmer ","@Keir_Starmer","Labour","Holborn and St Pancras",1032035,868
"Katherine Fletcher","@K_Fletcher_MP","Conservative","South Ribble",2905,10
"Kate Osborne","@KateOsborneMP","Labour","Jarrow",8754,-2
"Kate Osamor ","@KateOsamor","Labour","Edmonton",34121,-10
"Kate Hollern ","@Kate_HollernMP","Labour","Blackburn",8041,0
"Kate Green ","@KateGreenSU","Labour","Stretford and Urmston",46136,6
"Karl Turner ","@KarlTurnerMP","Labour","Kingston upon Hull East",32365,1
"Karl McCartney ","@karlmccartney","Conservative","Lincoln",10607,61
"Karin Smyth ","@karinsmyth","Labour","Bristol South",11939,-5
"Karen Buck ","@KarenPBuckMP","Labour","Westminster North",17194,0
"Justin Tomlinson ","@JustinTomlinson","Conservative","North Swindon",20199,2
"Justin Madders ","@justinmadders","Labour","Ellesmere Port and Neston",23704,-1
"Julie Marson","@JulieMarsonMP","Conservative","Hertford and Stortford",3660,0
"Julie Elliott ","@JulieElliottMP","Labour","Sunderland Central",19891,-6
"Julian Sturdy","@JulianSturdy","Conservative","York Outer",1629,-1
"Julian Smith ","@JulianSmithUK","Conservative","Skipton and Ripon",32501,-9
"Julian Knight ","@julianknight15","Conservative","Solihull",11018,5
"Julia Lopez","@JuliaLopezMP","Conservative","Hornchurch and Upminster",5751,6
"Judith Cummins ","@JudithCummins","Labour","Bradford South",13407,4
"Joy Morrissey","@joymorrissey","Conservative","Beaconsfield",15371,124
"Jonathan Reynolds ","@jreynoldsMP","Labour","Stalybridge and Hyde",46427,6
"Jonathan Lord","@JonathanLord","Conservative","Woking",2128,2
"Jonathan Djanogly ","@JDjanogly","Conservative","Huntingdon",18868,-4
"Jonathan Ashworth ","@JonAshworth","Labour","Leicester South",93878,155
"Jon Trickett ","@jon_trickett","Labour","Hemsworth",32279,14
"Jon Cruddas ","@JonCruddas_1","Labour","Dagenham and Rainham",20120,-5
"Johnny Mercer ","@JohnnyMercerUK","Conservative","Plymouth, Moor View",80467,-7
"Johnny McNally","@JohnMcNallySNP","Scottish National Party","Falkirk",8913,0
"John Whittingdale ","@JWhittingdale","Conservative","Maldon",8447,1
"John Stevenson ","@John4Carlisle","Conservative","Carlisle",12544,4
"John Spellar ","@spellar","Labour","Warley",10222,-5
"John Redwood ","@johnredwood","Conservative","Wokingham",88437,167
"John Penrose ","@JohnPenroseNews","Conservative","Weston-super-Mare",37647,1
"John Nicolson ","@MrJohnNicolson","Scottish National Party","Ochil and South Perthshire",31356,-7
"John McDonnell ","@johnmcdonnellMP","Labour","Hayes and Harlington",287128,30
"John Lamont","@John2Win","Conservative","Berwickshire, Roxburgh and Selkirk",10776,-1
"John Howell ","@JHowellUK","Conservative","Henley",6861,4
"John Healey ","@JohnHealey_MP","Labour","Wentworth and Dearne",28629,-4
"John Glen ","@JohnGlenUK","Conservative","Salisbury",22102,10
"John Finucane","@johnfinucane","Sinn Féin","Belfast North",24235,-3
"John Cryer","@JohnCryerMP","Labour","Leyton and Wanstead",5518,1
"Joanna Cherry QC ","@joannaccherry","Scottish National Party","Edinburgh South West",102460,12
"Jo Stevens ","@JoStevensLabour","Labour","Cardiff Central",30051,20
"Jo Gideon","@jogideon","Conservative","Stoke-on-Trent Central",3434,5
"Jo Churchill ","@Jochurchill4","Conservative","Bury St Edmunds",11324,7
"Jim Shannon ","@JimShannonMP","Democratic Unionist Party","Strangford",2721,-2
"Jim McMahon ","@JimfromOldham","Labour","Oldham West and Royton",25074,-1
"Jessica Morden ","@jessicamordenmp","Labour","Newport East",12891,-5
"Jesse Norman ","@Jesse_Norman","Conservative","Hereford and South Herefordshire",26303,-1
"Jess Phillips ","@jessphillips","Labour","Birmingham, Yardley",407208,748
"Jerome Mayhew","@JeromeMayhew","Conservative","Broadland",1829,1
"Jeremy Hunt ","@Jeremy_Hunt","Conservative","South West Surrey",217844,3
"Jeremy Corbyn ","@jeremycorbyn","Independent","Islington North",2434932,82
"Jeffrey M. Donaldson ","@J_Donaldson_MP","Democratic Unionist Party","Lagan Valley",20361,-5
"Jeff Smith ","@JeffSmithetc","Labour","Manchester, Withington",10186,1
"Jason McCartney ","@JasonMcCartney","Conservative","Colne Valley",17598,-2
"Janet Daby","@JanetDaby","Labour","Lewisham East",10617,-1
"Jane Stevenson","@Jane_Stevenson_","Conservative","Wolverhampton North East",3965,10
"Jane Hunt","@JaneMHunt","Conservative","Loughborough",2801,1
"Jamie Stone","@Jamie4North","Liberal Democrat","Caithness, Sutherland and Easter Ross",10996,1
"Jamie Hamilton Wallis","@JamieWallisMP","Conservative","Bridgend",2214,0
"James Wild","@jamesowild","Conservative","North West Norfolk",1920,3
"James Sunderland","@JamesSunderl","Conservative","Bracknell",2447,4
"James Murray","@jamesmurray_ldn","Labour","Ealing North",8232,1
"James Morris","@JamesMorris","Conservative","Halesowen and Rowley Regis",8286,4
"James Heappey ","@JSHeappey","Conservative","Wells",13754,-3
"James Gray ","@JGray","Conservative","North Wiltshire",17472,-1
"James Duddridge ","@JamesDuddridge","Conservative","Rochford and Southend East",22459,8
"James Davies","@JamesDavies","Conservative","Vale of Clwyd",5551,4
"James Daly","@JamesDalyMP","Conservative","Bury North",3985,3
"James Cleverly ","@JamesCleverly","Conservative","Braintree",92416,1
"James Cartlidge ","@jc4southsuffolk","Conservative","South Suffolk",9098,2
"James Brokenshire ","@JBrokenshire","Conservative","Old Bexley and Sidcup",27883,0
"Jake Berry ","@JakeBerry","Conservative","Rossendale and Darwen",19682,3
"Jacob Young","@JacobYoungMP","Conservative","Redcar",8241,11
"Jacob Rees-Mogg ","@Jacob_Rees_Mogg","Conservative","North East Somerset",426632,156
"Jackie Doyle-Price ","@JackieDP","Conservative","Thurrock",12261,-2
"Jack Lopresti ","@JackLopresti","Conservative","Filton and Bradley Stoke",8070,2
"Jack Dromey ","@JackDromeyMP","Labour","Birmingham, Erdington",24377,-6
"Imran Nasir Ahmad Khan","@imranahmadkhan","Conservative","Wakefield",4412,9
"Imran Hussain ","@Imran_HussainMP","Labour","Bradford East",17247,-2
"Ian Murray ","@IanMurrayMP","Labour","Edinburgh South",31574,-4
"Ian Mearns ","@IanMearnsMP","Labour","Gateshead",27114,-11
"Ian Lavery ","@IanLaveryMP","Labour","Wansbeck",76514,22
"Ian Byrne","@IanByrneMP","Labour","Liverpool, West Derby",23058,12
"Ian Blackford ","@Ianblackford_MP","Scottish National Party","Ross, Skye and Lochaber",99295,54
"Iain Stewart ","@iainastewart","Conservative","Milton Keynes South",17402,0
"Iain Duncan Smith","@MPIainDS","Conservative","Chingford and Woodford Green",43970,40
"Hywel Williams ","@HywelPlaidCymru","Plaid Cymru","Arfon",9851,0
"Huw Merriman ","@HuwMerriman","Conservative","Bexhill and Battle",18494,0
"Holly Lynch ","@HollyLynch5","Labour","Halifax",22075,-7
"Hilary Benn ","@hilarybennmp","Labour","Leeds Central",160199,160
"Henry Smith ","@HenrySmithUK","Conservative","Crawley",16644,7
"Helen Whately ","@Helen_Whately","Conservative","Faversham and Mid Kent",23155,8
"Helen Hayes ","@helenhayes_","Labour","Dulwich and West Norwood",21269,0
"Helen Grant ","@HelenGrantMP","Conservative","Maidstone and The Weald",16807,7
"Heather Wheeler ","@HeatherWheeler","Conservative","South Derbyshire",19355,8
"Harriett Baldwin ","@hbaldwin","Conservative","West Worcestershire",27728,19
"Harriet Harman QC ","@HarrietHarman","Labour","Camberwell and Peckham",178799,33
"Hannah Bardell ","@HannahB4LiviMP","Scottish National Party","Livingston",24132,-1
"Guy Opperman ","@GuyOpperman","Conservative","Hexham",18678,-1
"Greg Smith","@gregsmith_uk","Conservative","Buckingham",5536,8
"Greg Knight ","@GregKnight","Conservative","East Yorkshire",10017,3
"Greg Hands ","@GregHands","Conservative","Chelsea and Fulham",35284,4
"Greg Clark","@GregClarkMP","Conservative","Tunbridge Wells",31907,-8
"Grant Shapps ","@grantshapps","Conservative","Welwyn Hatfield",116135,19
"Grahame Morris ","@grahamemorris","Labour","Easington",32009,-6
"Graham Stuart ","@grahamstuart","Conservative","Beverley and Holderness",16341,7
"Graham Brady","@SirGrahamBrady","Conservative","Altrincham and Sale West",6183,30
"Gillian Keegan","@GillianKeegan","Conservative","Chichester",11028,6
"Gill Furniss ","@GillFurnissMP","Labour","Sheffield, Brightside and Hillsborough",6094,3
"Giles Watling","@GilesWatling","Conservative","Clacton",4181,3
"Gerald Jones ","@GeraldJonesLAB","Labour","Merthyr Tydfil and Rhymney",6705,-1
"Geraint Davies ","@GeraintDaviesMP","Labour","Swansea West",15042,2
"George Freeman ","@GeorgeFreemanMP","Conservative","Mid Norfolk",28295,-4
"Geoffrey Cox QC ","@Geoffrey_Cox","Conservative","Torridge and West Devon",41457,-10
"Gavin Williamson ","@GavinWilliamson","Conservative","South Staffordshire",86686,34
"Gavin Robinson ","@GRobinsonDUP","Democratic Unionist Party","Belfast East",13389,-1
"Gavin Newlands ","@GavNewlandsSNP","Scottish National Party","Paisley and Renfrewshire North",14060,1
"Gary Streeter ","@garystreeterSWD","Conservative","South West Devon",4578,2
"Gary Sambrook","@GarySambrook89","Conservative","Birmingham, Northfield",3995,5
"Gareth Thomas ","@GarethThomasMP","Labour","Harrow West",15592,2
"Gareth Davies","@GarethDavies_MP","Conservative","Grantham and Stamford",6740,2
"Gareth Bacon","@GarethBaconMP","Conservative","Orpington",5035,-2
"Gagan Mohindra","@gaganmohindra","Conservative","South West Hertfordshire",3173,3
"Francie Molloy ","@FrancieMolloy","Sinn Féin","Mid Ulster",7263,-1
"Florence Eshalomi","@FloEshalomi","Labour","Vauxhall",23433,-1
"Flick Drummond ","@FlickD","Conservative","Meon Valley",5545,1
"Fleur Anderson","@PutneyFleur","Labour","Putney",10513,-5
"Feryal Clark","@FeryalClark","Labour","Enfield North",9902,-5
"Felicity Buchan","@FelicityBuchan","Conservative","Kensington",5117,3
"Fay Alicia Jones","@JonesyFay","Conservative","Brecon and Radnorshire",5601,4
"Fabian Hamilton","@FabianLeedsNE","Labour","Leeds North East",6040,6
"Esther McVey","@EstherMcVey1","Conservative","Tatton",60295,50
"Emma Lewell-Buck ","@EmmaLewellBuck","Labour","South Shields",23324,3
"Emma Hardy","@EmmaHardyMP","Labour","Kingston upon Hull West and Hessle",26430,12
"Emily Thornberry ","@EmilyThornberry","Labour","Islington South and Finsbury",209478,39
"Elliot Colburn","@ElliotColburn","Conservative","Carshalton and Wallington",5813,3
"Ellie Reeves","@elliereeves","Labour","Lewisham West and Penge",21195,-8
"Elizabeth Truss ","@trussliz","Conservative","South West Norfolk",90977,13
"Eleanor Laing ","@eleanor4epping","Conservative","Epping Forest",7785,6
"Edward Timpson","@edwardtimpson","Conservative","Eddisbury",6210,0
"Edward Miliband ","@Ed_Miliband","Labour","Doncaster North",780093,-66
"Edward Leigh ","@EdwardLeighMP","Conservative","Gainsborough",11420,8
"Edward Davey","@EdwardJDavey","Liberal Democrat","Kingston and Surbiton",56574,22
"Eddie Hughes","@EddieHughes4WN","Conservative","Walsall North",10046,0
"Duncan Charles Baker","@duncancbaker","Conservative","North Norfolk",2587,-1
"Drew Hendry ","@drewhendrySNP","Scottish National Party","Inverness, Nairn, Badenoch and Strathspey",14969,0
"Dr Thérèse Coffey ","@theresecoffey","Conservative","Suffolk Coastal",24980,-2
"Dr Rupa Huq ","@RupaHuq","Labour","Ealing Central and Acton",44927,6
"Dr Rosena Allin-Khan ","@DrRosena","Labour","Tooting",181656,35
"Dr Philippa Whitford ","@Dr_PhilippaW","Scottish National Party","Central Ayrshire",34506,55
"Dr Liam Fox ","@LiamFox","Conservative","North Somerset",100483,32
"Dr Caroline Johnson ","@drcarolinej","Conservative","Sleaford and North Hykeham",5876,5
"Dr Andrew Murrison ","@AWMurrison","Conservative","South West Wiltshire",15480,-1
"Dr Alan Whitehead ","@alanwhiteheadmp","Labour","Southampton, Test",7975,-2
"Douglas Ross","@Douglas4Moray","Conservative","Moray",26275,36
"Douglas Chapman ","@DougChapmanSNP","Scottish National Party","Dunfermline and West Fife",13998,7
"Dominic Raab","@DominicRaab","Conservative","Esher and Walton",274365,173
"Diane Abbott ","@HackneyAbbott","Labour","Hackney North and Stoke Newington",362475,100
"Diana Johnson ","@DianaJohnsonMP","Labour","Kingston upon Hull North",27261,2
"Desmond Swayne ","@DesmondSwayne","Conservative","New Forest West",25372,83
"Derek Twigg ","@DerekTwiggMP","Labour","Halton",6224,-4
"Derek Thomas ","@DerekThomasUK","Conservative","St Ives",4916,4
"Deidre Brock ","@DeidreBrock","Scottish National Party","Edinburgh North and Leith",16448,-4
"Dehenna Davison","@DehennaDavison","Conservative","Bishop Auckland",34427,-7
"Debbie Abrahams ","@Debbie_abrahams","Labour","Oldham East and Saddleworth",51337,6
"Dean Russell","@dean4watford","Conservative","Watford",2648,8
"Dawn Butler ","@DawnButlerBrent","Labour","Brent Central",151674,24
"David Warburton ","@DJWarburton","Conservative","Somerton and Frome",12799,0
"David T. C. Davies ","@DavidTCDavies","Conservative","Monmouth",16214,-1
"David Simmonds","@DSimmonds_RNP","Conservative","Ruislip, Northwood and Pinner",2906,-2
"David Rutley ","@DavidRutley","Conservative","Macclesfield",12900,2
"David Mundell ","@DavidMundellDCT","Conservative","Dumfriesshire, Clydesdale & Tweeddale",16483,-8
"David Morris ","@davidmorrisml","Conservative","Morecambe and Lunesdale",13225,4
"David Linden","@DavidLinden","Scottish National Party","Glasgow East",11408,0
"David Lammy ","@DavidLammy","Labour","Tottenham",684406,179
"David Jones ","@DavidJonesMP","Conservative","Clwyd West",12446,-6
"David Johnston","@david4wantage","Conservative","Wantage",1927,0
"David Evennett ","@DavidEvennett","Conservative","Bexleyheath and Crayford",13479,3
"David Duguid","@david_duguid","Conservative","Banff and Buchan",5131,4
"David Davis ","@DavidDavisMP","Conservative","Haltemprice and Howden",164914,66
"David Amess","@amessd_southend","Conservative","Southend West",3712,0
"Dave Doogan","@DaveDooganSNP","Scottish National Party","Angus",3575,3
"Darren Jones","@darrenpjones","Labour","Bristol North West",27891,-2
"Darren George Henry","@DarrenG_Henry","Conservative","Broxtowe",9964,0
"Danny Kruger","@danny__kruger","Conservative","Devizes",10084,12
"Daniel Zeichner ","@DanielZeichner","Labour","Cambridge",20168,3
"Daniel Kawczynski ","@DKShrewsbury","Conservative","Shrewsbury and Atcham",24808,21
"Dan Jarvis ","@DanJarvisMP","Labour","Barnsley Central",70908,-16
"Dan Carden","@DanCardenMP","Labour","Liverpool, Walton",46240,-5
"Damian Hinds","@DamianHinds","Conservative","East Hampshire",33730,2
"Damian Green ","@DamianGreen","Conservative","Ashford",19549,7
"Damian Collins ","@DamianCollins","Conservative","Folkestone and Hythe",30173,-3
"Daisy Cooper","@libdemdaisy","Liberal Democrat","St Albans",17461,1
"Crispin Blunt ","@CrispinBlunt","Conservative","Reigate",11499,2
"Craig Williams ","@craig4monty","Conservative","Montgomeryshire",5127,0
"Craig Whittaker ","@CWhittaker_MP","Conservative","Calder Valley",9566,2
"Craig Tracey ","@craig4nwarks","Conservative","North Warwickshire",8629,4
"Craig Mackinlay ","@cmackinlay","Conservative","South Thanet",10502,3
"Conor McGinn ","@ConorMcGinn","Labour","St Helens North",17108,-5
"Conor Burns","@ConorBurnsUK","Conservative","Bournemouth West",23122,-7
"Colum Eastwood","@columeastwood","Social Democratic and Labour Party","Foyle",32246,21
"Clive Lewis ","@labourlewis","Labour","Norwich South",99650,-13
"Clive Efford ","@CliveEfford","Labour","Eltham",13607,2
"Claudia Webbe","@ClaudiaWebbe","Independent","Leicester East",27402,-6
"Claire Hanna","@ClaireHanna","Social Democratic and Labour Party","Belfast South",31537,5
"Christopher Pincher ","@ChrisPincher","Conservative","Tamworth",19478,26
"Christopher Hazzard","@ChrisHazzardSF","Sinn Féin","South Down",18870,16
"Christine Jardine","@cajardineMP","Liberal Democrat","Edinburgh West",13051,4
"Christina Rees ","@Rees4Neath","Labour","Neath",10756,-3
"Christian Wakeford","@Christian4BuryS","Conservative","Bury South",3880,4
"Christian Matheson ","@ChrisM4Chester","Labour","City of Chester",13448,2
"Chris Stephens ","@ChrisStephens","Scottish National Party","Glasgow South West",16079,-1
"Chris Skidmore","@CSkidmoreUK","Conservative","Kingswood",22329,4
"Chris Philp ","@CPhilpOfficial","Conservative","Croydon South",11853,0
"Chris Loder","@chrisloder","Conservative","West Dorset",5205,5
"Chris Law ","@ChrisLawSNP","Scottish National Party","Dundee West",19171,5
"Chris Heaton-Harris ","@chhcalling","Conservative","Daventry",21262,6
"Chris Green","@CGreenUK","Conservative","Bolton West",12247,4
"Chris Evans","@Chris_EvansMP","Labour","Islwyn",6256,0
"Chris Elmore ","@CPJElmore","Labour","Ogmore",9935,12
"Chris Clarkson","@ChrisClarksonMP","Conservative","Heywood and Middleton",5204,11
"Chris Bryant ","@RhonddaBryant","Labour","Rhondda",68289,204
"Chloe Smith","@NorwichChloe","Conservative","Norwich North",17962,-1
"Chi Onwurah ","@ChiOnwurah","Labour","Newcastle upon Tyne Central",44529,-4
"Cheryl Gillan ","@CherylGillan","Conservative","Chesham and Amersham",13765,8
"Cherilyn Mackrory","@thisischerilyn","Conservative","Truro and Falmouth",2531,22
"Charlotte Nichols","@charlotte2153","Labour","Warrington North",19789,-5
"Charles Walker","@CharlesWalkerMP","Conservative","Broxbourne",4801,7
"Catherine West ","@CatherineWest1","Labour","Hornsey and Wood Green",29779,4
"Catherine McKinnell ","@CatMcKinnell","Labour","Newcastle upon Tyne North",28055,-11
"Cat Smith ","@CatSmithMP","Labour","Lancaster and Fleetwood",39974,-5
"Carolyn Harris ","@carolynharris24","Labour","Swansea East",24468,0
"Caroline Nokes","@carolinenokes","Conservative","Romsey and Southampton North",21223,2
"Caroline Lucas ","@CarolineLucas","Green Party","Brighton, Pavilion",476200,117
"Caroline Dinenage ","@cj_dinenage","Conservative","Gosport",20655,14
"Caroline Ansell ","@Caroline_Ansell","Conservative","Eastbourne",5907,-3
"Carol Monaghan ","@CMonaghanSNP","Scottish National Party","Glasgow North West",19878,0
"Carla Lockhart","@carlalockhart","Democratic Unionist Party","Upper Bann",7918,4
"Bridget Phillipson ","@bphillipsonMP","Labour","Houghton and Sunderland South",34924,7
"Brendan O'Hara ","@BrendanOHaraMP","Scottish National Party","Argyll and Bute",14625,0
"Brendan Clarke-Smith","@Bren4Bassetlaw","Conservative","Bassetlaw",2075,30
"Brandon Lewis ","@BrandonLewis","Conservative","Great Yarmouth",57413,-6
"Boris Johnson ","@BorisJohnson","Conservative","Uxbridge and South Ruislip",3140961,4852
"Bob Seely","@IoWBobSeely","Conservative","Isle of Wight",12592,-1
"Bob Blackman ","@BobBlackman","Conservative","Harrow East",18948,0
"Bim Afolami","@BimAfolami","Conservative","Hitchin and Harpenden",13351,4
"Bill Esterson ","@Bill_Esterson","Labour","Sefton Central",30286,0
"Beth Winter","@BethWinterMP","Labour","Cynon Valley",7187,-2
"Bernard Jenkin ","@bernardjenkin","Conservative","Harwich and North Essex",36294,3
"Ben Wallace ","@BWallaceMP","Conservative","Wyre and Preston North",17827,4
"Ben Spencer","@DrBenSpencer","Conservative","Runnymede and Weybridge",3903,16
"Ben Lake","@BenMLake","Plaid Cymru","Ceredigion",7734,-1
"Ben Everitt","@Ben_Everitt","Conservative","Milton Keynes North",6195,-1
"Ben Bradshaw ","@BenPBradshaw","Labour","Exeter",70521,-9
"Ben Bradley","@BBradley_Mans","Conservative","Mansfield",32399,-3
"Bell Ribeiro-Addy","@BellRibeiroAddy","Labour","Streatham",36330,8
"Barry Sheerman ","@BarrySheerman","Labour","Huddersfield",21321,3
"Barry Gardiner ","@BarryGardiner","Labour","Brent North",91967,0
"Barbara Keeley ","@KeeleyMP","Labour","Worsley and Eccles South",25754,2
"Bambos Charalambous","@Bambos_MP","Labour","Enfield, Southgate",9121,-4
"Apsana Begum","@ApsanaBegumMP","Labour","Poplar and Limehouse",15124,15
"Antony Higginbotham","@antony_hig","Conservative","Burnley",2788,3
"Anthony Mangnall","@AnthonyMangnal1","Conservative","Totnes",4592,7
"Anthony Browne","@ab4scambs","Conservative","South Cambridgeshire",3457,6
"Anneliese Dodds","@AnnelieseDodds","Labour","Oxford East",54150,64
"Anne-Marie Trevelyan ","@annietrev","Conservative","Berwick-upon-Tweed",20821,10
"Anne McLaughlin ","@AnneMcLaughlin","Scottish National Party","Glasgow North East",13194,3
"Anne Marie Morris ","@AnneMarieMorris","Conservative","Newton Abbot",20226,5
"Anna McMorrin","@AnnaMcMorrin","Labour","Cardiff North",15400,4
"Angus MacNeil ","@AngusMacNeilSNP","Scottish National Party","Na h-Eileanan an Iar",39213,-4
"Angela Richardson","@AJRichardsonMP","Conservative","Guildford",7145,7
"Angela Rayner ","@AngelaRayner","Labour","Ashton-under-Lyne",264262,166
"Angela Eagle ","@angelaeagle","Labour","Wallasey",75964,14
"Andy Slaughter ","@hammersmithandy","Labour","Hammersmith",25515,-13
"Andy McDonald ","@AndyMcDonaldMP","Labour","Middlesbrough",40334,-5
"Andy Carter","@MrAndy_Carter","Conservative","Warrington South",4615,11
"Andrew Stephenson ","@Andrew4Pendle","Conservative","Pendle",24579,3
"Andrew Selous ","@AndrewSelous","Conservative","South West Bedfordshire",19940,7
"Andrew Rosindell ","@AndrewRosindell","Conservative","Romford",20228,12
"Andrew Lewer","@ALewerMBE","Conservative","Northampton South",4565,1
"Andrew Jones","@AJonesMP","Conservative","Harrogate and Knaresborough",15428,3
"Andrew Gwynne ","@GwynneMP","Labour","Denton and Reddish",48989,-8
"Andrew Griffith","@griffitha","Conservative","Arundel and South Downs",2968,0
"Andrew Bridgen ","@ABridgen","Conservative","North West Leicestershire",33917,7
"Andrew Bowie","@AndrewBowie_MP","Conservative","West Aberdeenshire and Kincardine",12925,7
"Andrea Leadsom ","@andrealeadsom","Conservative","South Northamptonshire",121666,4
"Andrea Jenkyns ","@andreajenkyns","Conservative","Morley and Outwood",61682,1
"Amy Callaghan","@AmyCallaghanSNP","Scottish National Party","East Dunbartonshire",13576,2
"Amanda Solloway ","@ASollowayUK","Conservative","Derby North",3959,11
"Amanda Milling ","@amandamilling","Conservative","Cannock Chase",12470,7
"Alyn Smith","@AlynSmith","Scottish National Party","Stirling",46134,3
"Alun Cairns ","@AlunCairns","Conservative","Vale of Glamorgan",13908,-3
"Alok Sharma ","@AlokSharma_RDG","Conservative","Reading West",36416,74
"Alistair Carmichael","@amcarmichaelMP","Liberal Democrat","Orkney and Shetland",20274,0
"Alison Thewliss ","@alisonthewliss","Scottish National Party","Glasgow Central",27933,-1
"Alison McGovern ","@Alison_McGovern","Labour","Wirral South",53910,-4
"Alicia Kearns","@aliciakearns","Conservative","Rutland and Melton",13512,6
"Alexander Stafford","@Alex_Stafford","Conservative","Rother Valley",4636,5
"Alex Sobel","@alexsobel","Labour","Leeds North West",22906,3
"Alex Norris","@AlexNorrisNN","Labour","Nottingham North",6807,-4
"Alex Davies-Jones","@AlexDaviesJones","Labour","Pontypridd",6346,0
"Alex Cunningham ","@ACunninghamMP","Labour","Stockton North",20749,-8
"Alex Chalk ","@AlexChalkChelt","Conservative","Cheltenham",12390,4
"Alex Burghart","@alexburghart","Conservative","Brentwood and Ongar",3992,4
"Alec Shelbrooke ","@AlecShelbrooke","Conservative","Elmet and Rothwell",15863,2
"Alberto Costa ","@AlbertoCostaMP","Conservative","South Leicestershire",10178,4
"Alan Mak ","@AlanMakMP","Conservative","Havant",9596,6
"Alan Campbell ","@alancampbellmp","Labour","Tynemouth",5154,1
"Alan Brown ","@AlanBrownSNP","Scottish National Party","Kilmarnock and Loudoun",11959,6
"Afzal Khan","@Afzal4Gorton","Labour","Manchester, Gorton",26281,8
"Adam Afriyie ","@AdamAfriyie","Conservative","Windsor",15710,-3
"Abena Oppong-Asare","@abenaopp","Labour","Erith and Thamesmead",14251,3
"Aaron Bell","@AaronBell4NUL","Conservative","Newcastle-under-Lyme",4105,4